sweep,value,frame_id,cluster_id,n_points,nearest_m,x_min,x_max,x_size,y_min,y_max,y_size,z_min,z_max,z_size
ground,0.1,000001,0,4939,2.267014075474563,0.00800000037997961,26.770000457763672,26.762000457383692,-10.0,-2.2669999599456787,7.733000040054321,-1.6312222260015983,1.1169999837875366,2.7482222097891347
ground,0.1,000001,1,10,30.724778295876273,29.357999801635742,29.97599983215332,0.6180000305175781,-9.402000427246094,-9.062000274658203,0.3400001525878906,0.30399999022483826,0.6850000023841858,0.38100001215934753
ground,0.1,000001,2,30,22.24607198110594,22.138999938964844,24.233999252319336,2.094999313354492,-3.4149999618530273,-2.180000066757202,1.2349998950958252,-1.378999948501587,-0.6899999976158142,0.6889999508857727
ground,0.1,000001,3,27,20.79545185812351,20.674999237060547,21.975000381469727,1.3000011444091797,-3.5420000553131104,-2.234999895095825,1.3070001602172852,-1.3960000276565552,-0.7269999980926514,0.6690000295639038
ground,0.1,000001,4,16,28.63353883998796,27.933000564575195,28.466999053955078,0.5339984893798828,-7.3450000286102295,-6.295000076293945,1.0499999523162842,-1.0755000114440918,-0.1979999989271164,0.8775000125169754
ground,0.1,000001,5,13,20.613821162139327,18.31599998474121,19.735000610351562,1.4190006256103516,-9.786499977111816,-9.458000183105469,0.32849979400634766,-0.3440000116825104,0.03700000047683716,0.38100001215934753
ground,0.1,000001,6,11,18.469645288184438,17.34666633605957,18.378999710083008,1.0323333740234375,-7.054999828338623,-6.3420000076293945,0.7129998207092285,-1.2309999465942383,-1.1716666618982952,0.05933328469594312
ground,0.1,000011,0,1859,8.24511728920616,0.043999998830258846,25.145000457763672,25.101000458933413,8.244999885559082,9.984999656677246,1.739999771118164,-1.8718999862670898,1.093999981880188,2.9658999681472777
ground,0.1,000011,1,268,4.993842293483882,2.591157925756354,6.320000171661377,3.728842245905023,4.269000053405762,5.838833332061768,1.5698332786560059,-1.6713823500801535,-0.37400001287460327,1.2973823372055502
ground,0.1,000011,2,152,1.5575080304306146,0.0050000002374872565,2.57150000333786,2.566500003100373,-3.7316667238871255,-1.5575000047683716,2.174166719118754,-1.4555000066757202,0.09233333418766658,1.5478333408633869
ground,0.1,000011,3,232,26.70722055772743,25.268999099731445,29.992000579833984,4.723001480102539,8.645999908447266,9.72700023651123,1.0810003280639648,-1.5440000295639038,1.2259999513626099,2.7699999809265137
ground,0.1,000011,4,417,23.01225372408016,22.36050033569336,28.03000005086263,5.66949971516927,-9.970999717712402,-5.438000202178955,4.532999515533447,-1.0794999599456787,1.1660000085830688,2.2454999685287476
ground,0.1,000011,5,551,5.374041031685392,0.020999999716877937,7.25766658782959,7.236666588112712,-7.583000183105469,-5.374000000953674,2.2090001821517946,-1.7960000038146973,0.4959999918937683,2.2919999957084656
ground,0.1,000011,6,14,22.07868541686893,20.569000244140625,21.017000198364258,0.4479999542236328,-8.17733351389567,-8.02400016784668,0.1533333460489903,0.029999999329447746,0.9710000157356262,0.9410000164061785
ground,0.1,000011,7,30,17.802802586268964,16.067500114440918,16.621000289916992,0.5535001754760742,7.666499853134155,8.201000213623047,0.5345003604888916,-1.6257499754428864,-0.26649999618530273,1.3592499792575836
ground,0.1,000011,8,64,12.649264233023537,11.760000228881836,13.607000350952148,1.8470001220703125,-5.540999889373779,-4.658999919891357,0.8819999694824219,-1.2660000324249268,0.34599998593330383,1.6120000183582306
ground,0.1,000011,9,53,10.716058197300816,7.349999904632568,9.473999977111816,2.124000072479248,-9.340999841690063,-7.798166751861572,1.5428330898284912,-1.218999981880188,-0.1889999955892563,1.0299999862909317
ground,0.1,000011,10,14,9.480729497779006,4.790333271026611,5.118000030517578,0.3276667594909668,-8.419333140055338,-8.181499799092611,0.23783334096272668,-0.6286666790644327,0.07116666808724403,0.6998333471516768
ground,0.1,000011,11,13,11.493860843657737,10.840499877929688,11.149999618530273,0.30949974060058594,-3.9140000343322754,-3.819999933242798,0.09400010108947754,-1.2353333234786987,-0.44999998807907104,0.7853333353996277
ground,0.1,000011,12,94,25.355316304976224,25.01300048828125,27.98699951171875,2.9739990234375,4.1523332595825195,5.739999771118164,1.5876665115356445,-1.4144999980926514,0.164000004529953,1.5785000026226044
ground,0.1,000011,13,11,15.644641820858094,12.642000198364258,12.746000289916992,0.10400009155273438,-9.333000183105469,-9.215999603271484,0.11700057983398438,-1.0579999685287476,-0.29600000381469727,0.7619999647140503
ground,0.1,000011,14,19,14.71972804450366,12.557999610900879,12.970000267028809,0.4120006561279297,-7.926000118255615,-7.678999900817871,0.24700021743774414,-1.0289999842643738,0.7129999995231628,1.7419999837875366
ground,0.1,000011,15,10,13.726229260911069,12.2330002784729,12.65399980545044,0.42099952697753906,-6.385999917984009,-6.22599983215332,0.16000008583068848,-1.0779999494552612,-0.4099999964237213,0.6679999530315399
ground,0.1,000011,16,52,7.1920627199259535,0.029999999329447746,1.1796666781107585,1.1496666787813108,-9.911499977111816,-7.192000150680542,2.7194998264312744,-0.7355000078678131,-0.1589999943971634,0.5765000134706497
ground,0.1,000011,17,13,29.641782510810096,29.35700035095215,29.690000534057617,0.33300018310546875,-4.514999866485596,-4.098999977111816,0.4159998893737793,-1.040499985218048,-0.21299999952316284,0.8274999856948853
ground,0.1,000011,18,13,5.554850015670475,5.021999835968018,5.459000110626221,0.4370002746582031,-2.5360000133514404,-2.374000072479248,0.16199994087219238,-1.2699999809265137,-0.6408571430615017,0.629142837865012
ground,0.1,000011,19,11,7.048641711627917,6.630000114440918,7.0329999923706055,0.4029998779296875,-2.5369999408721924,-2.3929998874664307,0.14400005340576172,-1.3270000219345093,-0.5429999828338623,0.784000039100647
ground,0.1,000011,20,11,8.528146929428852,8.160500049591064,8.4399995803833,0.27949953079223633,-2.5889999866485596,-2.4769999980926514,0.1119999885559082,-1.2886666655540466,-0.5339999794960022,0.7546666860580444
ground,0.1,000019,0,604,3.6414642193928692,2.9899999618530275,8.51200008392334,5.522000122070312,2.078499913215637,4.558000087738037,2.4795001745224,-1.934000015258789,0.50450000166893,2.438500016927719
ground,0.1,000019,1,2243,5.808727298220433,2.677500009536743,26.4689998626709,23.791499853134155,-9.979999542236328,-5.1548333168029785,4.82516622543335,-1.3537499606609344,1.1100000143051147,2.463749974966049
ground,0.1,000019,2,306,6.824476006383912,2.875,8.5649995803833,5.689999580383301,6.189333385891384,9.99899959564209,3.8096662097507057,-1.9679999947547913,0.5818333427111307,2.549833337465922
ground,0.1,000019,3,562,0.404730973680382,0.02299999975366518,11.833000183105469,11.810000183351804,-4.172999858856201,-0.40407692469083345,3.7689229341653676,-1.780083328485489,-0.186666672428449,1.59341665605704
ground,0.1,000019,4,53,12.71546539474029,9.208499908447266,10.701000213623047,1.4925003051757812,8.768499851226807,9.176666259765625,0.40816640853881836,-0.20600000023841858,0.6176666617393494,0.8236666619777679
ground,0.1,000019,5,21,7.842889348030567,0.014999999664723873,0.30799999833106995,0.2929999986663461,7.842875003814697,9.906000137329102,2.0631251335144043,-1.937999963760376,-1.6920000314712524,0.24599993228912354
ground,0.1,000019,6,52,27.211613896940968,26.667999267578125,29.67099952697754,3.003000259399414,-5.982999801635742,-5.4120001792907715,0.5709996223449707,-1.3669999837875366,0.16099999845027924,1.5279999822378159
ground,0.1,000019,7,53,3.6052143583698637,0.004000000189989805,2.8319999831063405,2.8279999829163507,3.6052121393608325,4.544000053405762,0.9387879140449296,-1.9595555596881442,-1.890909082961805,0.06864647672633928
ground,0.1,000019,8,10,6.360298432981968,1.6815000176429749,1.7473000049591065,0.06579998731613168,6.133999824523926,6.3609999020894366,0.22700007756551077,-1.6295555432637532,-0.902999997138977,0.7265555461247761
ground,0.1,000019,9,12,6.185400904353115,1.4869999885559082,1.5423333379957411,0.055333349439832924,-6.189000129699707,-6.003999948501587,0.18500018119812012,-1.0695000290870667,-0.414000004529953,0.6555000245571136
ground,0.1,000019,10,11,6.198711978250504,0.03724999993573874,0.4466666678587596,0.40941666792302084,6.1986000537872314,6.607666757371691,0.4090667035844593,-1.8017777734332614,-0.9294999837875366,0.8722777896457248
ground,0.1,000025,0,2239,2.02128272417876,0.011500000488013029,16.173500061035156,16.162000060547143,2.021250009536743,9.993000030517578,7.971750020980835,-1.599099999666214,0.8119999766349792,2.4110999763011933
ground,0.1,000025,1,350,16.295418169383247,15.96999979019165,19.405000686645508,3.4350008964538574,3.240333318710327,7.039999961853027,3.7996666431427,-1.2319999933242798,0.8500000238418579,2.0820000171661377
ground,0.1,000025,2,781,8.74741100292655,8.642999649047852,14.710000038146973,6.067000389099121,1.3475000262260437,8.149999618530273,6.80249959230423,-1.5727500319480896,0.728333314259847,2.3010833462079368
ground,0.1,000025,3,3270,3.9895011340006934,0.003000000026077032,26.239999771118164,26.236999771092087,-9.98799991607666,-3.9895000060399375,5.998499910036722,-1.6892500072717667,0.9333333373069763,2.622583344578743
ground,0.1,000025,4,90,16.71613104482376,16.47800064086914,17.957000732421875,1.4790000915527344,-4.184999942779541,-2.8114999532699585,1.3734999895095825,-1.6019999980926514,-0.24275000020861626,1.359249997884035
ground,0.1,000025,5,53,11.272749807180654,9.859999656677246,10.758000373840332,0.8980007171630859,5.4639999071757,7.60099983215332,2.13699992497762,-0.5609999895095825,0.6340000033378601,1.1949999928474426
ground,0.1,000025,6,42,28.4849634736024,28.48466682434082,29.540000915527344,1.0553340911865234,0.12999999523162842,2.2750000953674316,2.1450001001358032,-1.4700000286102295,-0.5600000023841858,0.9100000262260437
ground,0.1,000025,7,12,30.191171278865443,29.665000915527344,29.97249984741211,0.3074989318847656,5.611999988555908,6.609000205993652,0.9970002174377441,0.3019999861717224,0.6729999780654907,0.3709999918937683
ground,0.1,000025,8,51,23.855209837216695,23.629749298095703,24.68199920654297,1.0522499084472656,3.2720000743865967,5.622000217437744,2.3500001430511475,-1.0219999551773071,0.014000000432133675,1.0359999556094408
ground,0.1,000025,9,72,2.3788188722978094,0.025000000139698386,1.2100909081372349,1.1850909079975365,2.3786875009536743,3.995199966430664,1.6165124654769896,-1.229714274406433,-0.37299999594688416,0.856714278459549
ground,0.1,000025,10,151,2.225416131056299,1.7059999704360962,4.83299994468689,3.1269999742507935,-3.345500111579895,-1.4290000200271606,1.9165000915527344,-1.6653333107630413,-0.3059999942779541,1.3593333164850872
ground,0.1,000025,11,30,21.27701282260823,21.051000595092773,22.441999435424805,1.3909988403320312,-3.736999988555908,-3.0929999351501465,0.6440000534057617,-1.5524999499320984,-0.36800000071525574,1.1844999492168427
ground,0.1,000025,12,45,25.154358093124717,25.03700065612793,27.264999389648438,2.227998733520508,2.427000045776367,3.7079999446868896,1.2809998989105225,-1.4395000338554382,-0.004999999888241291,1.434500033967197
ground,0.1,000025,13,32,27.337883303460114,27.236000061035156,29.964000701904297,2.7280006408691406,2.3580000400543213,3.4619998931884766,1.1039998531341553,-1.4279999732971191,-0.7319999933242798,0.6959999799728394
ground,0.1,000025,14,11,28.761844175537878,27.996000289916992,28.93199920654297,0.9359989166259766,-6.920000076293945,-6.5929999351501465,0.32700014114379883,-0.5640000104904175,-0.20499999821186066,0.3590000122785568
ground,0.1,000049,0,17,29.118196658506864,28.805999755859375,29.091999053955078,0.2859992980957031,4.25249981880188,4.598999977111816,0.3465001583099365,0.29899999499320984,1.2029999494552612,0.9039999544620514
ground,0.1,000049,1,316,5.592865224773094,5.119500041007996,8.894000053405762,3.774500012397766,2.25185717855181,5.536999940872192,3.2851427623203824,-1.5198571681976318,0.4689999967813492,1.988857164978981
ground,0.1,000049,2,397,2.615736649491043,0.9303333361943563,5.421000003814697,4.490666667620341,-4.962999979654948,-2.444700002670288,2.51829997698466,-1.659294142442591,-0.09300000220537186,1.5662941402372192
ground,0.1,000049,3,236,18.642588470367023,16.450400161743165,27.726999282836914,11.27659912109375,-9.984999656677246,-8.770999908447266,1.2139997482299805,-1.4739999771118164,1.1380000114440918,2.611999988555908
ground,0.1,000049,4,125,17.3463423357083,15.831666628519693,18.783000946044922,2.9513343175252285,7.089000225067139,8.855999946594238,1.7669997215270996,-1.1579999923706055,0.05700000002980232,1.2149999924004078
ground,0.1,000049,5,117,12.421367338060309,10.184500217437744,13.052000045776367,2.867499828338623,7.111000061035156,8.824000040690104,1.7129999796549473,-1.2269999980926514,0.003600000124424696,1.230599998217076
ground,0.1,000049,6,215,12.789672921592473,12.562090960415928,14.442000389099121,1.8799094286831934,2.4020000298817954,5.98799991607666,3.5859998861948648,-1.3730000257492065,0.004000000189989805,1.3770000259391963
ground,0.1,000049,7,25,11.093455972963866,7.453999996185303,8.388875007629395,0.9348750114440918,-9.109999656677246,-8.215999603271484,0.8940000534057617,-0.48916666706403095,0.6180000007152557,1.1071666677792866
ground,0.1,000049,8,25,18.85246401710921,18.361249923706055,18.749000549316406,0.38775062561035156,4.275500059127808,4.689000129699707,0.4135000705718994,-0.06199999898672104,0.8524999916553497,0.9144999906420708
ground,0.1,000049,9,98,9.395164988972438,5.8420000076293945,9.324499607086182,3.482499599456787,7.357999801635742,8.770999908447266,1.4130001068115234,-1.2826666633288066,-0.03920000046491623,1.2434666628638904
ground,0.1,000049,10,37,26.389592055229777,26.31399917602539,27.94499969482422,1.6310005187988281,1.996000051498413,3.4830000400543213,1.4869999885559082,-1.1610000133514404,0.164000004529953,1.3250000178813934
ground,0.1,000049,11,206,2.4489650381389514,0.01433333350966374,2.718000054359436,2.7036667208497724,2.4489230926220236,4.789000034332275,2.340076941710252,-1.5296363577698215,-0.11624999903142452,1.413386358738397
ground,0.1,000049,12,16,28.683368922863824,27.413999557495117,27.75200080871582,0.3380012512207031,-8.642000198364258,-8.438499927520752,0.20350027084350586,-0.5450000166893005,1.1890000104904175,1.734000027179718
ground,0.1,000049,13,98,4.148816523058837,2.9978749752044678,4.413000106811523,1.4151251316070557,2.868000030517578,4.760000228881836,1.8920001983642578,-1.512315781492936,0.009999999776482582,1.5223157812694186
ground,0.1,000049,14,60,15.71944136155248,15.565999984741211,18.33099937438965,2.7649993896484375,2.1910000443458557,3.236999988555908,1.0459999442100525,-1.3612499833106995,-0.7289999723434448,0.6322500109672546
ground,0.1,000049,15,47,10.080989835871756,8.394500255584717,9.824999809265137,1.43049955368042,5.581999778747559,6.745999813079834,1.1640000343322754,-1.3849999904632568,-0.8500000238418579,0.5349999666213989
ground,0.1,000049,16,144,8.67433860211174,8.032750129699707,11.605999946594238,3.5732498168945312,-4.718999862670898,-3.2739999294281006,1.4449999332427979,-1.5462499856948853,-0.2603333294391632,1.285916656255722
ground,0.1,000049,17,147,7.5796910869488485,2.1579999923706055,4.764999866485596,2.6069998741149902,7.265999794006348,8.95300006866455,1.6870002746582031,-1.4299999475479126,-0.14833333591620126,1.2816666116317113
ground,0.1,000049,18,81,20.182249546051025,20.182249546051025,21.040000915527344,0.8577513694763184,-1.2269999980926514,0.4790000021457672,1.7060000002384186,-1.3510000109672546,-0.08566666891177495,1.2653333420554798
ground,0.1,000049,19,126,18.699131459264734,18.408499717712402,22.106000900268555,3.6975011825561523,-5.021999994913737,-3.2839999198913574,1.7380000750223799,-1.3580000400543213,0.27000001072883606,1.6280000507831573
ground,0.1,000049,20,143,13.640506357293239,13.24300012588501,16.762499809265137,3.5194996833801273,-4.789000034332275,-3.2690000534057617,1.5199999809265137,-1.4639999866485596,-0.2639999985694885,1.199999988079071
ground,0.1,000049,21,18,15.177205248829301,13.445666948954264,13.826000213623047,0.38033326466878314,7.039999961853027,7.260000228881836,0.2200002670288086,-1.2940000295639038,-0.20000000298023224,1.0940000265836716
ground,0.1,000049,22,28,23.925535501508193,23.771333694458008,24.914000511169434,1.1426668167114258,2.7119998931884766,3.429333289464315,0.7173333962758384,-1.156000018119812,0.013333333656191826,1.1693333517760038
ground,0.1,000049,23,14,21.728500628265206,21.3799991607666,22.32200050354004,0.9420013427734375,3.875999927520752,4.7870001792907715,0.9110002517700195,-0.27000001072883606,0.032999999821186066,0.3030000105500221
ground,0.1,000049,24,58,20.82354111605612,20.600000381469727,21.746000289916992,1.1459999084472656,3.0429999828338623,4.4670000076293945,1.4240000247955322,-1.159000039100647,0.03749999962747097,1.196500038728118
ground,0.1,000049,25,89,12.665314878500467,10.16450023651123,13.251999855041504,3.0874996185302734,-9.951000213623047,-7.555999994277954,2.3950002193450928,-1.6480000019073486,-1.4639999866485596,0.18400001525878906
ground,0.1,000049,26,11,16.70625784764851,14.216749906539917,14.560999870300293,0.344249963760376,-9.949000358581543,-8.77399984995524,1.1750005086263027,-1.6399999856948853,-1.5456666946411133,0.09433329105377197
ground,0.1,000049,27,15,26.73065484982211,25.709999084472656,26.56100082397461,0.8510017395019531,7.315999984741211,8.585000038146973,1.2690000534057617,-0.18299999833106995,0.164000004529953,0.34700000286102295
ground,0.1,000049,28,10,22.96291190413738,21.64833386739095,22.229999542236328,0.5816656748453788,7.6579999923706055,8.407666524251303,0.7496665318806972,-0.12399999797344208,0.17100000381469727,0.29500000178813934
ground,0.2,000001,0,4657,2.397013424371134,0.00800000037997961,26.770000457763672,26.762000457383692,-10.0,-2.3970000743865967,7.602999925613403,-1.559833327929179,1.1169999837875366,2.676833311716716
ground,0.2,000001,1,10,30.724778295876273,29.357999801635742,29.97599983215332,0.6180000305175781,-9.402000427246094,-9.062000274658203,0.3400001525878906,0.30399999022483826,0.6850000023841858,0.38100001215934753
ground,0.2,000001,2,14,20.546503664266446,20.367000579833984,21.736000061035156,1.3689994812011719,-3.2300000190734863,-2.7100000381469727,0.5199999809265137,-1.2660000324249268,-0.7160000205039978,0.550000011920929
ground,0.2,000001,3,16,28.63353883998796,27.933000564575195,28.466999053955078,0.5339984893798828,-7.3450000286102295,-6.295000076293945,1.0499999523162842,-1.0755000114440918,-0.1979999989271164,0.8775000125169754
ground,0.2,000001,4,13,20.613821162139327,18.31599998474121,19.735000610351562,1.4190006256103516,-9.786499977111816,-9.458000183105469,0.32849979400634766,-0.3440000116825104,0.03700000047683716,0.38100001215934753
ground,0.2,000001,5,15,23.07802096472828,22.93199920654297,24.233999252319336,1.3020000457763672,-3.131999969482422,-2.5920000076293945,0.5399999618530273,-1.278999964396159,-0.6899999976158142,0.5889999667803447
ground,0.2,000001,6,11,18.469645288184438,17.34666633605957,18.378999710083008,1.0323333740234375,-7.054999828338623,-6.3420000076293945,0.7129998207092285,-1.2309999465942383,-1.1716666618982952,0.05933328469594312
ground,0.2,000011,0,1779,8.24511728920616,0.043999998830258846,25.145000457763672,25.101000458933413,8.244999885559082,9.984999656677246,1.739999771118164,-1.7723333438237507,1.093999981880188,2.8663333257039385
ground,0.2,000011,1,255,4.993842293483882,2.591157925756354,6.320000171661377,3.728842245905023,4.269000053405762,5.838833332061768,1.5698332786560059,-1.622000018755595,-0.37400001287460327,1.2480000058809917
ground,0.2,000011,2,150,1.5575080304306146,0.0050000002374872565,2.57150000333786,2.566500003100373,-3.7316667238871255,-1.5575000047683716,2.174166719118754,-1.388099980354309,0.09233333418766658,1.4804333145419757
ground,0.2,000011,3,226,26.70722055772743,25.268999099731445,29.992000579833984,4.723001480102539,8.645999908447266,9.72700023651123,1.0810003280639648,-1.472000002861023,1.2259999513626099,2.697999954223633
ground,0.2,000011,4,386,23.01225372408016,22.36050033569336,28.03000005086263,5.66949971516927,-9.970999717712402,-5.438000202178955,4.532999515533447,-0.9549999833106995,1.1660000085830688,2.1209999918937683
ground,0.2,000011,5,512,5.374041031685392,0.020999999716877937,7.252142769949777,7.231142770232899,-7.583000183105469,-5.374000000953674,2.2090001821517946,-1.6944999694824219,0.4959999918937683,2.19049996137619
ground,0.2,000011,6,14,22.07868541686893,20.569000244140625,21.017000198364258,0.4479999542236328,-8.17733351389567,-8.02400016784668,0.1533333460489903,0.029999999329447746,0.9710000157356262,0.9410000164061785
ground,0.2,000011,7,28,17.802802586268964,16.067500114440918,16.621000289916992,0.5535001754760742,7.666499853134155,8.201000213623047,0.5345003604888916,-1.4869999885559082,-0.26649999618530273,1.2204999923706055
ground,0.2,000011,8,56,12.649264233023537,11.760000228881836,13.321000099182129,1.560999870300293,-5.540999889373779,-4.658999919891357,0.8819999694824219,-1.152999997138977,0.34599998593330383,1.4989999830722809
ground,0.2,000011,9,46,10.85212479901593,7.546999931335449,9.473999977111816,1.9270000457763672,-9.340999841690063,-7.798166751861572,1.5428330898284912,-0.9950000047683716,-0.1889999955892563,0.8060000091791153
ground,0.2,000011,10,14,9.480729497779006,4.790333271026611,5.118000030517578,0.3276667594909668,-8.419333140055338,-8.181499799092611,0.23783334096272668,-0.6286666790644327,0.07116666808724403,0.6998333471516768
ground,0.2,000011,11,13,11.493860843657737,10.840499877929688,11.149999618530273,0.30949974060058594,-3.9140000343322754,-3.819999933242798,0.09400010108947754,-1.2353333234786987,-0.44999998807907104,0.7853333353996277
ground,0.2,000011,12,87,25.355316304976224,25.01300048828125,27.98699951171875,2.9739990234375,4.1523332595825195,5.739999771118164,1.5876665115356445,-1.2999999523162842,0.164000004529953,1.4639999568462372
ground,0.2,000011,13,10,15.644641820858094,12.642000198364258,12.746000289916992,0.10400009155273438,-9.333000183105469,-9.215999603271484,0.11700057983398438,-1.0125000178813934,-0.29600000381469727,0.7165000140666962
ground,0.2,000011,14,19,14.71972804450366,12.557999610900879,12.970000267028809,0.4120006561279297,-7.926000118255615,-7.678999900817871,0.24700021743774414,-1.0289999842643738,0.7129999995231628,1.7419999837875366
ground,0.2,000011,15,10,13.726229260911069,12.2330002784729,12.65399980545044,0.42099952697753906,-6.385999917984009,-6.22599983215332,0.16000008583068848,-1.0779999494552612,-0.4099999964237213,0.6679999530315399
ground,0.2,000011,16,52,7.1920627199259535,0.029999999329447746,1.1796666781107585,1.1496666787813108,-9.911499977111816,-7.192000150680542,2.7194998264312744,-0.7355000078678131,-0.1589999943971634,0.5765000134706497
ground,0.2,000011,17,12,29.641782510810096,29.35700035095215,29.690000534057617,0.33300018310546875,-4.514999866485596,-4.098999977111816,0.4159998893737793,-0.9459999799728394,-0.21299999952316284,0.7329999804496765
ground,0.2,000011,18,13,5.554850015670475,5.021999835968018,5.459000110626221,0.4370002746582031,-2.5360000133514404,-2.374000072479248,0.16199994087219238,-1.2699999809265137,-0.6408571430615017,0.629142837865012
ground,0.2,000011,19,11,7.048641711627917,6.630000114440918,7.0329999923706055,0.4029998779296875,-2.5369999408721924,-2.3929998874664307,0.14400005340576172,-1.3270000219345093,-0.5429999828338623,0.784000039100647
ground,0.2,000011,20,11,8.528146929428852,8.160500049591064,8.4399995803833,0.27949953079223633,-2.5889999866485596,-2.4769999980926514,0.1119999885559082,-1.2886666655540466,-0.5339999794960022,0.7546666860580444
ground,0.2,000019,0,581,3.6414642193928692,2.9899999618530275,8.51200008392334,5.522000122070312,2.078499913215637,4.558000087738037,2.4795001745224,-1.569000005722046,0.50450000166893,2.073500007390976
ground,0.2,000019,1,2069,6.194726482706232,2.677500009536743,26.4689998626709,23.791499853134155,-9.979999542236328,-5.586199951171875,4.393799591064453,-1.2294999957084656,1.1100000143051147,2.3395000100135803
ground,0.2,000019,2,28,6.908489989819344,3.007499933242798,3.155399966239929,0.14790003299713117,6.219499826431274,6.372000217437744,0.15250039100646973,-1.659749984741211,0.37000000725189847,2.0297499919931092
ground,0.2,000019,3,170,8.518161099395538,8.269000053405762,11.833000183105469,3.564000129699707,-3.5423332850138345,-2.0451666514078775,1.497166633605957,-1.371000051498413,-0.186666672428449,1.1843333790699642
ground,0.2,000019,4,53,12.71546539474029,9.208499908447266,10.701000213623047,1.4925003051757812,8.768499851226807,9.176666259765625,0.40816640853881836,-0.20600000023841858,0.6176666617393494,0.8236666619777679
ground,0.2,000019,5,137,9.748190639434567,5.484499931335449,8.5649995803833,3.0804996490478516,8.059000015258789,9.95900011062622,1.9000000953674316,-1.890500009059906,0.5818333427111307,2.4723333517710366
ground,0.2,000019,6,48,27.501880459188406,26.889999389648438,29.67099952697754,2.7810001373291016,-5.982999801635742,-5.769000053405762,0.21399974822998047,-1.3049999475479126,0.16099999845027924,1.4659999459981918
ground,0.2,000019,7,10,6.360298432981968,1.6815000176429749,1.7473000049591065,0.06579998731613168,6.133999824523926,6.3609999020894366,0.22700007756551077,-1.6295555432637532,-0.902999997138977,0.7265555461247761
ground,0.2,000019,8,12,6.185400904353115,1.4869999885559082,1.5423333379957411,0.055333349439832924,-6.189000129699707,-6.003999948501587,0.18500018119812012,-1.0695000290870667,-0.414000004529953,0.6555000245571136
ground,0.2,000025,0,1907,5.254568127568151,0.011500000488013029,16.173500061035156,16.162000060547143,5.254555543263753,9.993000030517578,4.738444487253825,-1.4752857003893172,0.8119999766349792,2.2872856770242964
ground,0.2,000025,1,350,16.295418169383247,15.96999979019165,19.405000686645508,3.4350008964538574,3.240333318710327,7.039999961853027,3.7996666431427,-1.2319999933242798,0.8500000238418579,2.0820000171661377
ground,0.2,000025,2,211,8.780018570514095,8.675999641418457,12.675000190734863,3.9990005493164062,1.3475000262260437,3.1582499742507935,1.8107499480247498,-1.4787499904632568,-0.19628570973873138,1.2824642807245255
ground,0.2,000025,3,3188,3.9895011340006934,0.003000000026077032,24.655000686645508,24.65200068661943,-9.98799991607666,-3.9895000060399375,5.998499910036722,-1.5855000019073486,0.9333333373069763,2.518833339214325
ground,0.2,000025,4,85,16.717056966648396,16.47800064086914,17.957000732421875,1.4790000915527344,-4.183000087738037,-2.816999912261963,1.3660001754760742,-1.4930000305175781,-0.24275000020861626,1.2502500303089619
ground,0.2,000025,5,520,10.556486801786779,9.612000465393066,14.710000038146973,5.097999572753906,4.364500045776367,8.149999618530273,3.7854995727539062,-1.4381999969482422,0.728333314259847,2.1665333112080893
ground,0.2,000025,6,279,2.8661359142406044,2.0320638468924987,5.576454552737149,3.5443907058446507,2.021250009536743,3.815000057220459,1.7937500476837158,-1.493499994277954,-0.20399999618530273,1.2894999980926514
ground,0.2,000025,7,53,11.272749807180654,9.859999656677246,10.758000373840332,0.8980007171630859,5.4639999071757,7.60099983215332,2.13699992497762,-0.5609999895095825,0.6340000033378601,1.1949999928474426
ground,0.2,000025,8,33,28.4849634736024,28.48466682434082,29.264999389648438,0.7803325653076172,0.12999999523162842,1.7960000038146973,1.6660000085830688,-1.2610000371932983,-0.5600000023841858,0.7010000348091125
ground,0.2,000025,9,12,30.191171278865443,29.665000915527344,29.97249984741211,0.3074989318847656,5.611999988555908,6.609000205993652,0.9970002174377441,0.3019999861717224,0.6729999780654907,0.3709999918937683
ground,0.2,000025,10,51,23.855209837216695,23.629749298095703,24.68199920654297,1.0522499084472656,3.2720000743865967,5.622000217437744,2.3500001430511475,-1.0219999551773071,0.014000000432133675,1.0359999556094408
ground,0.2,000025,11,72,2.3788188722978094,0.025000000139698386,1.2100909081372349,1.1850909079975365,2.3786875009536743,3.995199966430664,1.6165124654769896,-1.229714274406433,-0.37299999594688416,0.856714278459549
ground,0.2,000025,12,144,2.225416131056299,1.7059999704360962,4.83299994468689,3.1269999742507935,-3.0399999618530273,-1.4290000200271606,1.6109999418258667,-1.534999966621399,-0.3059999942779541,1.2289999723434448
ground,0.2,000025,13,29,21.27701282260823,21.051000595092773,22.441999435424805,1.3909988403320312,-3.736999988555908,-3.0929999351501465,0.6440000534057617,-1.3869999647140503,-0.36800000071525574,1.0189999639987946
ground,0.2,000025,14,37,25.591352625496306,25.411999702453613,27.264999389648438,1.8529996871948242,3.024500012397766,3.7079999446868896,0.6834999322891235,-1.394499957561493,-0.004999999888241291,1.3894999576732516
ground,0.2,000025,15,14,27.395941959616767,27.236000061035156,28.51099967956543,1.2749996185302734,2.9560000896453857,3.2769999504089355,0.3209998607635498,-1.3860000371932983,-0.871999979019165,0.5140000581741333
ground,0.2,000025,16,19,25.637893178284763,24.849000930786133,26.239999771118164,1.3909988403320312,-6.584499835968018,-6.310999870300293,0.2734999656677246,-1.4040000438690186,-0.42900000512599945,0.9750000387430191
ground,0.2,000025,17,11,28.761844175537878,27.996000289916992,28.93199920654297,0.9359989166259766,-6.920000076293945,-6.5929999351501465,0.32700014114379883,-0.5640000104904175,-0.20499999821186066,0.3590000122785568
ground,0.2,000025,18,12,28.961441254295192,28.79800033569336,29.964000701904297,1.1660003662109375,3.072499990463257,3.4619998931884766,0.3894999027252197,-1.2740000486373901,-0.7319999933242798,0.5420000553131104
ground,0.2,000049,0,17,29.118196658506864,28.805999755859375,29.091999053955078,0.2859992980957031,4.25249981880188,4.598999977111816,0.3465001583099365,0.29899999499320984,1.2029999494552612,0.9039999544620514
ground,0.2,000049,1,239,6.032291219371458,5.447499990463257,8.894000053405762,3.446500062942505,2.591000040372213,5.5299999713897705,2.9389999310175576,-1.4089999794960022,0.4689999967813492,1.8779999762773514
ground,0.2,000049,2,389,2.615736649491043,0.9303333361943563,5.421000003814697,4.490666667620341,-4.962999979654948,-2.444700002670288,2.51829997698466,-1.5630540525591052,-0.09300000220537186,1.4700540503537334
ground,0.2,000049,3,236,18.642588470367023,16.450400161743165,27.726999282836914,11.27659912109375,-9.984999656677246,-8.770999908447266,1.2139997482299805,-1.4739999771118164,1.1380000114440918,2.611999988555908
ground,0.2,000049,4,123,17.3463423357083,15.831666628519693,18.783000946044922,2.9513343175252285,7.089000225067139,8.855999946594238,1.7669997215270996,-1.121999979019165,0.05700000002980232,1.1789999790489674
ground,0.2,000049,5,117,12.421367338060309,10.184500217437744,13.052000045776367,2.867499828338623,7.111000061035156,8.824000040690104,1.7129999796549473,-1.2269999980926514,0.003600000124424696,1.230599998217076
ground,0.2,000049,6,206,12.789672921592473,12.562090960415928,14.442000389099121,1.8799094286831934,2.4020000298817954,5.98799991607666,3.5859998861948648,-1.2772500216960907,0.004000000189989805,1.2812500218860805
ground,0.2,000049,7,25,11.093455972963866,7.453999996185303,8.388875007629395,0.9348750114440918,-9.109999656677246,-8.215999603271484,0.8940000534057617,-0.48916666706403095,0.6180000007152557,1.1071666677792866
ground,0.2,000049,8,25,18.85246401710921,18.361249923706055,18.749000549316406,0.38775062561035156,4.275500059127808,4.689000129699707,0.4135000705718994,-0.06199999898672104,0.8524999916553497,0.9144999906420708
ground,0.2,000049,9,98,9.395164988972438,5.8420000076293945,9.324499607086182,3.482499599456787,7.357999801635742,8.770999908447266,1.4130001068115234,-1.2826666633288066,-0.03920000046491623,1.2434666628638904
ground,0.2,000049,10,204,2.4489650381389514,0.01433333350966374,2.718000054359436,2.7036667208497724,2.4489230926220236,4.789000034332275,2.340076941710252,-1.4599999984105427,-0.11624999903142452,1.3437499993791182
ground,0.2,000049,11,16,28.683368922863824,27.413999557495117,27.75200080871582,0.3380012512207031,-8.642000198364258,-8.438499927520752,0.20350027084350586,-0.5450000166893005,1.1890000104904175,1.734000027179718
ground,0.2,000049,12,97,4.148816523058837,2.9978749752044678,4.413000106811523,1.4151251316070557,2.868000030517578,4.760000228881836,1.8920001983642578,-1.4019999504089355,0.009999999776482582,1.4119999501854181
ground,0.2,000049,13,46,15.936922335657886,15.779000282287598,18.33099937438965,2.551999092102051,2.23799991607666,3.236999988555908,0.999000072479248,-1.2269999980926514,-0.7289999723434448,0.49800002574920654
ground,0.2,000049,14,41,10.282397512647863,8.635333061218262,9.824999809265137,1.189666748046875,5.581999778747559,6.575750112533569,0.9937503337860107,-1.2870000153779984,-0.8500000238418579,0.43699999153614044
ground,0.2,000049,15,143,7.5796910869488485,2.1579999923706055,4.764999866485596,2.6069998741149902,7.265999794006348,8.95300006866455,1.6870002746582031,-1.2697499990463257,-0.14833333591620126,1.1214166631301243
ground,0.2,000049,16,78,20.182249546051025,20.182249546051025,20.976500511169434,0.7942509651184082,-1.2269999980926514,0.4790000021457672,1.7060000002384186,-1.24099999666214,-0.08566666891177495,1.155333327750365
ground,0.2,000049,17,139,13.642425774369107,13.24300012588501,16.762499809265137,3.5194996833801273,-4.789000034332275,-3.2769999504089355,1.5120000839233398,-1.4307500123977661,-0.2639999985694885,1.1667500138282776
ground,0.2,000049,18,124,18.699131459264734,18.408499717712402,22.106000900268555,3.6975011825561523,-5.021999994913737,-3.2839999198913574,1.7380000750223799,-1.3355000019073486,0.27000001072883606,1.6055000126361847
ground,0.2,000049,19,17,15.182775251838214,13.445666948954264,13.826000213623047,0.38033326466878314,7.052000045776367,7.260000228881836,0.20800018310546875,-1.1072500050067902,-0.20000000298023224,0.9072500020265579
ground,0.2,000049,20,136,8.67433860211174,8.032750129699707,11.605999946594238,3.5732498168945312,-4.718999862670898,-3.2739999294281006,1.4449999332427979,-1.507285714149475,-0.2603333294391632,1.246952384710312
ground,0.2,000049,21,25,23.925535501508193,23.771333694458008,24.724000930786133,0.952667236328125,2.7119998931884766,3.429333289464315,0.7173333962758384,-1.0415000319480896,0.013333333656191826,1.0548333656042814
ground,0.2,000049,22,28,26.655912030100904,26.57266680399577,27.94499969482422,1.3723328908284493,2.1050000190734863,3.062999963760376,0.9579999446868896,-1.0360000133514404,0.164000004529953,1.2000000178813934
ground,0.2,000049,23,14,21.728500628265206,21.3799991607666,22.32200050354004,0.9420013427734375,3.875999927520752,4.7870001792907715,0.9110002517700195,-0.27000001072883606,0.032999999821186066,0.3030000105500221
ground,0.2,000049,24,56,20.82354111605612,20.600000381469727,21.604000091552734,1.0039997100830078,3.0429999828338623,4.4670000076293945,1.4240000247955322,-1.1474999785423279,0.03749999962747097,1.1849999781697989
ground,0.2,000049,25,56,13.464380665197382,10.997800064086913,13.212666829427084,2.2148667653401706,-9.951000213623047,-7.767750024795532,2.1832501888275146,-1.5766000032424927,-1.4639999866485596,0.11260001659393315
ground,0.2,000049,26,15,26.73065484982211,25.709999084472656,26.56100082397461,0.8510017395019531,7.315999984741211,8.585000038146973,1.2690000534057617,-0.18299999833106995,0.164000004529953,0.34700000286102295
ground,0.2,000049,27,10,22.96291190413738,21.64833386739095,22.229999542236328,0.5816656748453788,7.6579999923706055,8.407666524251303,0.7496665318806972,-0.12399999797344208,0.17100000381469727,0.29500000178813934
ground,0.3,000001,0,3831,5.91367197740551,0.00800000037997961,26.770000457763672,26.762000457383692,-10.0,-5.913666566212972,4.086333433787028,-1.469600009918213,1.1169999837875366,2.5865999937057493
ground,0.3,000001,1,371,3.87980016973636,2.873999983072281,20.056499481201172,17.18249949812889,-4.709000110626221,-2.606333335240682,2.1026667753855386,-1.3880000114440918,-0.2759999930858612,1.1120000183582306
ground,0.3,000001,2,10,30.724778295876273,29.357999801635742,29.97599983215332,0.6180000305175781,-9.402000427246094,-9.062000274658203,0.3400001525878906,0.30399999022483826,0.6850000023841858,0.38100001215934753
ground,0.3,000001,3,13,20.546503664266446,20.367000579833984,21.736000061035156,1.3689994812011719,-3.2300000190734863,-2.7100000381469727,0.5199999809265137,-0.9589999914169312,-0.7160000205039978,0.24299997091293335
ground,0.3,000001,4,16,28.63353883998796,27.933000564575195,28.466999053955078,0.5339984893798828,-7.3450000286102295,-6.295000076293945,1.0499999523162842,-1.0755000114440918,-0.1979999989271164,0.8775000125169754
ground,0.3,000001,5,13,20.613821162139327,18.31599998474121,19.735000610351562,1.4190006256103516,-9.786499977111816,-9.458000183105469,0.32849979400634766,-0.3440000116825104,0.03700000047683716,0.38100001215934753
ground,0.3,000001,6,11,18.469645288184438,17.34666633605957,18.378999710083008,1.0323333740234375,-7.054999828338623,-6.3420000076293945,0.7129998207092285,-1.2309999465942383,-1.1716666618982952,0.05933328469594312
ground,0.3,000001,7,12,23.084033713976172,22.93199920654297,23.829999923706055,0.8980007171630859,-3.131999969482422,-2.6449999809265137,0.4869999885559082,-1.1540000438690186,-0.6899999976158142,0.46400004625320435
ground,0.3,000011,0,1731,8.24511728920616,0.043999998830258846,25.145000457763672,25.101000458933413,8.244999885559082,9.984999656677246,1.739999771118164,-1.6513571313449316,1.093999981880188,2.7453571132251193
ground,0.3,000011,1,236,4.993842293483882,2.591157925756354,6.320000171661377,3.728842245905023,4.269000053405762,5.838833332061768,1.5698332786560059,-1.474000005161061,-0.37400001287460327,1.0999999922864578
ground,0.3,000011,2,146,1.5575080304306146,0.0050000002374872565,2.57150000333786,2.566500003100373,-3.7316667238871255,-1.5575000047683716,2.174166719118754,-1.2709999879201253,0.09233333418766658,1.363333322107792
ground,0.3,000011,3,218,26.799963299119792,25.367000579833984,29.992000579833984,4.625,8.645999908447266,9.72700023651123,1.0810003280639648,-1.3550000190734863,1.2259999513626099,2.580999970436096
ground,0.3,000011,4,493,5.374041031685392,0.020999999716877937,7.252142769949777,7.231142770232899,-7.583000183105469,-5.374000000953674,2.2090001821517946,-1.1592499911785126,0.4959999918937683,1.6552499830722809
ground,0.3,000011,5,365,23.01225372408016,22.36050033569336,28.03000005086263,5.66949971516927,-9.970999717712402,-5.438000202178955,4.532999515533447,-0.8723333279291788,1.1660000085830688,2.0383333365122476
ground,0.3,000011,6,14,22.07868541686893,20.569000244140625,21.017000198364258,0.4479999542236328,-8.17733351389567,-8.02400016784668,0.1533333460489903,0.029999999329447746,0.9710000157356262,0.9410000164061785
ground,0.3,000011,7,26,17.802802586268964,16.067500114440918,16.401500701904297,0.3340005874633789,7.666499853134155,8.201000213623047,0.5345003604888916,-1.4139999747276306,-0.26649999618530273,1.1474999785423279
ground,0.3,000011,8,53,12.649264233023537,11.760000228881836,13.321000099182129,1.560999870300293,-5.540999889373779,-4.658999919891357,0.8819999694824219,-1.0640000104904175,0.34599998593330383,1.4099999964237213
ground,0.3,000011,9,46,10.85212479901593,7.546999931335449,9.473999977111816,1.9270000457763672,-9.340999841690063,-7.798166751861572,1.5428330898284912,-0.9950000047683716,-0.1889999955892563,0.8060000091791153
ground,0.3,000011,10,14,9.480729497779006,4.790333271026611,5.118000030517578,0.3276667594909668,-8.419333140055338,-8.181499799092611,0.23783334096272668,-0.6286666790644327,0.07116666808724403,0.6998333471516768
ground,0.3,000011,11,11,11.493860843657737,10.840499877929688,11.149999618530273,0.30949974060058594,-3.9140000343322754,-3.819999933242798,0.09400010108947754,-1.003000020980835,-0.44999998807907104,0.5530000329017639
ground,0.3,000011,12,81,25.355316304976224,25.01300048828125,27.98699951171875,2.9739990234375,4.1523332595825195,5.739999771118164,1.5876665115356445,-1.253000020980835,0.164000004529953,1.417000025510788
ground,0.3,000011,13,18,14.71972804450366,12.557999610900879,12.970000267028809,0.4120006561279297,-7.926000118255615,-7.678999900817871,0.24700021743774414,-0.8736666639645895,0.7129999995231628,1.5866666634877524
ground,0.3,000011,14,52,7.1920627199259535,0.029999999329447746,1.1796666781107585,1.1496666787813108,-9.911499977111816,-7.192000150680542,2.7194998264312744,-0.7355000078678131,-0.1589999943971634,0.5765000134706497
ground,0.3,000011,15,10,29.641782510810096,29.35700035095215,29.690000534057617,0.33300018310546875,-4.514999866485596,-4.098999977111816,0.4159998893737793,-0.7540000081062317,-0.21299999952316284,0.5410000085830688
ground,0.3,000011,16,12,5.554850015670475,5.021999835968018,5.459000110626221,0.4370002746582031,-2.5360000133514404,-2.374000072479248,0.16199994087219238,-1.2311538549569936,-0.6408571430615017,0.5902967118954919
ground,0.3,000011,17,10,7.048641711627917,6.630000114440918,7.0329999923706055,0.4029998779296875,-2.5369999408721924,-2.3929998874664307,0.14400005340576172,-1.2235454429279675,-0.5429999828338623,0.6805454600941052
ground,0.3,000011,18,10,8.528146929428852,8.160500049591064,8.4399995803833,0.27949953079223633,-2.5889999866485596,-2.4769999980926514,0.1119999885559082,-1.0411428468567985,-0.5339999794960022,0.5071428673607963
ground,0.3,000019,0,576,3.6414642193928692,2.9899999618530275,8.51200008392334,5.522000122070312,2.078499913215637,4.558000087738037,2.4795001745224,-1.5021428550992693,0.50450000166893,2.0066428567681993
ground,0.3,000019,1,2007,6.194726482706232,2.677500009536743,26.4689998626709,23.791499853134155,-9.979999542236328,-5.586199951171875,4.393799591064453,-1.1116666793823242,1.1100000143051147,2.221666693687439
ground,0.3,000019,2,27,6.908489989819344,3.007499933242798,3.155399966239929,0.14790003299713117,6.219499826431274,6.372000217437744,0.15250039100646973,-1.5750000476837158,0.37000000725189847,1.9450000549356143
ground,0.3,000019,3,161,8.518161099395538,8.269000053405762,11.833000183105469,3.564000129699707,-3.5423332850138345,-2.0451666514078775,1.497166633605957,-1.277999997138977,-0.186666672428449,1.0913333247105281
ground,0.3,000019,4,53,12.71546539474029,9.208499908447266,10.701000213623047,1.4925003051757812,8.768499851226807,9.176666259765625,0.40816640853881836,-0.20600000023841858,0.6176666617393494,0.8236666619777679
ground,0.3,000019,5,104,10.419815704667709,6.393166700998942,8.5649995803833,2.1718328793843584,8.227999687194824,9.954999923706055,1.7270002365112305,-1.7730000019073486,0.5818333427111307,2.3548333446184793
ground,0.3,000019,6,43,27.501880459188406,26.889999389648438,29.67099952697754,2.7810001373291016,-5.982999801635742,-5.769000053405762,0.21399974822998047,-1.222000002861023,0.16099999845027924,1.3830000013113022
ground,0.3,000019,7,11,6.185400904353115,1.4869999885559082,1.5423333379957411,0.055333349439832924,-6.189000129699707,-6.003999948501587,0.18500018119812012,-1.018818194215948,-0.414000004529953,0.604818189685995
ground,0.3,000025,0,1897,5.254568127568151,0.011500000488013029,16.173500061035156,16.162000060547143,5.254555543263753,9.993000030517578,4.738444487253825,-1.3811428376606532,0.8119999766349792,2.1931428142956326
ground,0.3,000025,1,350,16.295418169383247,15.96999979019165,19.405000686645508,3.4350008964538574,3.240333318710327,7.039999961853027,3.7996666431427,-1.2319999933242798,0.8500000238418579,2.0820000171661377
ground,0.3,000025,2,195,8.780018570514095,8.675999641418457,12.675000190734863,3.9990005493164062,1.3475000262260437,3.1393333276112876,1.7918333013852439,-1.3799999952316284,-0.19628570973873138,1.183714285492897
ground,0.3,000025,3,3153,3.9895011340006934,0.003000000026077032,24.655000686645508,24.65200068661943,-9.98799991607666,-3.9895000060399375,5.998499910036722,-1.4646666844685872,0.9333333373069763,2.3980000217755633
ground,0.3,000025,4,77,16.717056966648396,16.47800064086914,17.957000732421875,1.4790000915527344,-4.183000087738037,-2.816999912261963,1.3660001754760742,-1.410200023651123,-0.24275000020861626,1.1674500234425067
ground,0.3,000025,5,509,10.556486801786779,9.612000465393066,14.710000038146973,5.097999572753906,4.364500045776367,8.149999618530273,3.7854995727539062,-1.340999960899353,0.728333314259847,2.0693332751592
ground,0.3,000025,6,267,2.8661359142406044,2.0320638468924987,5.576454552737149,3.5443907058446507,2.021250009536743,3.815000057220459,1.7937500476837158,-1.4085499942302704,-0.20399999618530273,1.2045499980449677
ground,0.3,000025,7,53,11.272749807180654,9.859999656677246,10.758000373840332,0.8980007171630859,5.4639999071757,7.60099983215332,2.13699992497762,-0.5609999895095825,0.6340000033378601,1.1949999928474426
ground,0.3,000025,8,33,28.4849634736024,28.48466682434082,29.264999389648438,0.7803325653076172,0.12999999523162842,1.7960000038146973,1.6660000085830688,-1.2610000371932983,-0.5600000023841858,0.7010000348091125
ground,0.3,000025,9,12,30.191171278865443,29.665000915527344,29.97249984741211,0.3074989318847656,5.611999988555908,6.609000205993652,0.9970002174377441,0.3019999861717224,0.6729999780654907,0.3709999918937683
ground,0.3,000025,10,51,23.855209837216695,23.629749298095703,24.68199920654297,1.0522499084472656,3.2720000743865967,5.622000217437744,2.3500001430511475,-1.0219999551773071,0.014000000432133675,1.0359999556094408
ground,0.3,000025,11,72,2.3788188722978094,0.025000000139698386,1.2100909081372349,1.1850909079975365,2.3786875009536743,3.995199966430664,1.6165124654769896,-1.229714274406433,-0.37299999594688416,0.856714278459549
ground,0.3,000025,12,137,2.225416131056299,1.7059999704360962,4.83299994468689,3.1269999742507935,-3.0399999618530273,-1.4290000200271606,1.6109999418258667,-1.4459999998410542,-0.3059999942779541,1.1400000055631
ground,0.3,000025,13,28,21.27701282260823,21.051000595092773,22.441999435424805,1.3909988403320312,-3.736999988555908,-3.0929999351501465,0.6440000534057617,-1.3809999823570251,-0.36800000071525574,1.0129999816417694
ground,0.3,000025,14,33,25.94675258581319,25.749000549316406,27.264999389648438,1.5159988403320312,3.197333335876465,3.7060000896453857,0.5086667537689209,-1.2795000076293945,-0.004999999888241291,1.2745000077411532
ground,0.3,000025,15,18,25.63838565141966,24.849000930786133,26.239999771118164,1.3909988403320312,-6.584499835968018,-6.313000202178955,0.2714996337890625,-1.3849999904632568,-0.42900000512599945,0.9559999853372574
ground,0.3,000025,16,11,28.761844175537878,27.996000289916992,28.93199920654297,0.9359989166259766,-6.920000076293945,-6.5929999351501465,0.32700014114379883,-0.5640000104904175,-0.20499999821186066,0.3590000122785568
ground,0.3,000025,17,15,28.568700674988186,28.402999877929688,29.964000701904297,1.5610008239746094,3.072499990463257,3.4619998931884766,0.3894999027252197,-1.2740000486373901,-0.7319999933242798,0.5420000553131104
ground,0.3,000049,0,17,29.118196658506864,28.805999755859375,29.091999053955078,0.2859992980957031,4.25249981880188,4.598999977111816,0.3465001583099365,0.29899999499320984,1.2029999494552612,0.9039999544620514
ground,0.3,000049,1,197,6.674005640539841,6.067999839782715,8.894000053405762,2.826000213623047,2.7787999629974367,5.5299999713897705,2.751200008392334,-1.2867059006410486,0.4689999967813492,1.7557058974223978
ground,0.3,000049,2,365,2.615736649491043,0.9303333361943563,5.421000003814697,4.490666667620341,-4.962999979654948,-2.444700002670288,2.51829997698466,-1.5013913019843723,-0.09300000220537186,1.4083912997790005
ground,0.3,000049,3,234,18.642588470367023,16.450400161743165,27.726999282836914,11.27659912109375,-9.984999656677246,-8.770999908447266,1.2139997482299805,-1.343999981880188,1.1380000114440918,2.48199999332428
ground,0.3,000049,4,113,12.424237199427594,10.188000202178955,13.052000045776367,2.863999843597412,7.111000061035156,8.824000040690104,1.7129999796549473,-1.1319999694824219,0.003600000124424696,1.1355999696068466
ground,0.3,000049,5,194,12.789672921592473,12.562090960415928,14.442000389099121,1.8799094286831934,2.4020000298817954,5.98799991607666,3.5859998861948648,-1.1619999408721924,0.004000000189989805,1.1659999410621822
ground,0.3,000049,6,111,17.3463423357083,15.831666628519693,18.783000946044922,2.9513343175252285,7.089000225067139,8.855999946594238,1.7669997215270996,-1.0197499990463257,0.05700000002980232,1.076749999076128
ground,0.3,000049,7,25,11.093455972963866,7.453999996185303,8.388875007629395,0.9348750114440918,-9.109999656677246,-8.215999603271484,0.8940000534057617,-0.48916666706403095,0.6180000007152557,1.1071666677792866
ground,0.3,000049,8,25,18.85246401710921,18.361249923706055,18.749000549316406,0.38775062561035156,4.275500059127808,4.689000129699707,0.4135000705718994,-0.06199999898672104,0.8524999916553497,0.9144999906420708
ground,0.3,000049,9,92,9.395164988972438,5.8420000076293945,9.324499607086182,3.482499599456787,7.357999801635742,8.76099967956543,1.4029998779296875,-1.1629999876022339,-0.03920000046491623,1.1237999871373177
ground,0.3,000049,10,199,2.4489650381389514,0.01433333350966374,2.718000054359436,2.7036667208497724,2.4489230926220236,4.789000034332275,2.340076941710252,-1.3384999632835388,-0.11624999903142452,1.2222499642521143
ground,0.3,000049,11,16,28.683368922863824,27.413999557495117,27.75200080871582,0.3380012512207031,-8.642000198364258,-8.438499927520752,0.20350027084350586,-0.5450000166893005,1.1890000104904175,1.734000027179718
ground,0.3,000049,12,90,4.148816523058837,2.9978749752044678,4.413000106811523,1.4151251316070557,2.868000030517578,4.760000228881836,1.8920001983642578,-1.3283333281675975,0.009999999776482582,1.33833332794408
ground,0.3,000049,13,37,16.12143002401196,15.965333143870035,18.33099937438965,2.3656662305196132,2.23799991607666,3.236999988555908,0.999000072479248,-1.1430000066757202,-0.7289999723434448,0.4140000343322754
ground,0.3,000049,14,36,10.444444683792396,8.827666918436686,9.824999809265137,0.9973328908284511,5.581999778747559,6.575750112533569,0.9937503337860107,-1.1833333174387615,-0.8500000238418579,0.33333329359690356
ground,0.3,000049,15,142,7.5796910869488485,2.1579999923706055,4.764999866485596,2.6069998741149902,7.265999794006348,8.95300006866455,1.6870002746582031,-1.1430000066757202,-0.14833333591620126,0.994666670759519
ground,0.3,000049,16,62,20.182249546051025,20.182249546051025,20.93899917602539,0.7567496299743652,-1.2269999980926514,0.4790000021457672,1.7060000002384186,-1.090000033378601,-0.08566666891177495,1.0043333644668262
ground,0.3,000049,17,127,13.642425774369107,13.24300012588501,16.762499809265137,3.5194996833801273,-4.789000034332275,-3.2769999504089355,1.5120000839233398,-1.2910000085830688,-0.2639999985694885,1.0270000100135803
ground,0.3,000049,18,116,18.699131459264734,18.408499717712402,21.96500015258789,3.5565004348754883,-5.021999994913737,-3.2839999198913574,1.7380000750223799,-1.215999960899353,0.27000001072883606,1.485999971628189
ground,0.3,000049,19,16,15.182775251838214,13.445666948954264,13.826000213623047,0.38033326466878314,7.052000045776367,7.260000228881836,0.20800018310546875,-1.0460000038146973,-0.20000000298023224,0.846000000834465
ground,0.3,000049,20,24,23.925535501508193,23.771333694458008,24.724000930786133,0.952667236328125,2.7119998931884766,3.429333289464315,0.7173333962758384,-0.8920000195503235,0.013333333656191826,0.9053333532065153
ground,0.3,000049,21,23,26.672537506765053,26.57266680399577,27.94499969482422,1.3723328908284493,2.305999994277954,3.062999963760376,0.7569999694824219,-0.9869999885559082,0.164000004529953,1.1509999930858612
ground,0.3,000049,22,14,21.728500628265206,21.3799991607666,22.32200050354004,0.9420013427734375,3.875999927520752,4.7870001792907715,0.9110002517700195,-0.27000001072883606,0.032999999821186066,0.3030000105500221
ground,0.3,000049,23,125,8.67433860211174,8.032750129699707,11.605999946594238,3.5732498168945312,-4.718999862670898,-3.2739999294281006,1.4449999332427979,-1.3769999742507935,-0.2603333294391632,1.1166666448116302
ground,0.3,000049,24,55,20.82354111605612,20.600000381469727,21.604000091552734,1.0039997100830078,3.0429999828338623,4.4670000076293945,1.4240000247955322,-1.031000018119812,0.03749999962747097,1.068500017747283
ground,0.3,000049,25,15,26.73065484982211,25.709999084472656,26.56100082397461,0.8510017395019531,7.315999984741211,8.585000038146973,1.2690000534057617,-0.18299999833106995,0.164000004529953,0.34700000286102295
ground,0.3,000049,26,10,22.96291190413738,21.64833386739095,22.229999542236328,0.5816656748453788,7.6579999923706055,8.407666524251303,0.7496665318806972,-0.12399999797344208,0.17100000381469727,0.29500000178813934
voxel,0.1,000001,0,10825,2.2960000038146973,0.0,27.295000076293945,27.295000076293945,-10.0,-2.2960000038146973,7.703999996185303,-1.648799991607666,1.1169999837875366,2.7657999753952027
voxel,0.1,000001,1,36,20.79545185812351,20.674999237060547,22.138999938964844,1.4640007019042969,-3.5134999752044678,-2.234999895095825,1.2785000801086426,-1.3960000276565552,-0.7269999980926514,0.6690000295639038
voxel,0.1,000001,2,26,12.331182530997495,10.694999694824219,13.82800006866455,3.133000373840332,6.138000011444092,6.21999979019165,0.0819997787475586,-1.5019999742507935,-1.4249999523162842,0.07700002193450928
voxel,0.1,000001,3,89,6.193033769125901,0.02049999963492155,8.303999900817871,8.28349990118295,6.192999839782715,6.473999977111816,0.28100013732910156,-1.6333333651224773,-1.4863333304723103,0.14700003465016698
voxel,0.1,000001,4,10,28.64346878991257,27.226999282836914,27.996000289916992,0.7690010070800781,-9.29800033569336,-8.895999908447266,0.40200042724609375,0.996999979019165,1.190000057220459,0.19300007820129395
voxel,0.1,000001,5,54,5.169301065016967,0.03233333366612593,4.768333435058594,4.7360001013924675,5.1691999435424805,5.402200031280517,0.23300008773803693,-1.628833293914795,-1.5740000009536743,0.054833292961120605
voxel,0.1,000001,6,11,30.724778295876273,29.357999801635742,29.97599983215332,0.6180000305175781,-9.402000427246094,-9.062000274658203,0.3400001525878906,0.30399999022483826,0.6850000023841858,0.38100001215934753
voxel,0.1,000001,7,46,22.286517955932155,22.18150043487549,24.475000381469727,2.2934999465942383,-3.4149999618530273,-2.1610000133514404,1.253999948501587,-1.3774999976158142,-0.6899999976158142,0.6875
voxel,0.1,000001,8,20,29.616418552662225,29.233999252319336,29.982999801635742,0.7490005493164062,-6.515999794006348,-4.74399995803833,1.7719998359680176,-1.1469999551773071,-1.125,0.02199995517730713
voxel,0.1,000001,9,33,27.81957236920639,27.097999572753906,28.466999053955078,1.3689994812011719,-7.368000030517578,-6.295000076293945,1.0729999542236328,-1.0759999752044678,-0.1979999989271164,0.8779999762773514
voxel,0.1,000001,10,20,20.299046883025905,17.961000442504883,19.757999420166016,1.7969989776611328,-9.935999870300293,-9.458000183105469,0.4779996871948242,-0.5870000123977661,0.03700000047683716,0.6240000128746033
voxel,0.1,000001,11,13,10.952479792391896,9.041000366210938,10.361000061035156,1.3199996948242188,6.182000160217285,6.207499980926514,0.025499820709228516,-1.5160000324249268,-1.4729999899864197,0.04300004243850708
voxel,0.1,000001,12,11,15.427416094295976,14.159000396728516,15.168000221252441,1.0089998245239258,6.125999927520752,6.6620001792907715,0.5360002517700195,-1.468999981880188,-1.3960000276565552,0.07299995422363281
voxel,0.1,000001,13,19,19.85723103243918,19.05299949645996,20.357999801635742,1.3050003051757812,-6.815000057220459,-5.593999862670898,1.2210001945495605,-1.2510000467300415,-1.1890000104904175,0.06200003623962402
voxel,0.1,000011,0,715,23.005937631229855,22.354000091552734,28.312999725341797,5.9589996337890625,-9.987000465393066,-5.438000202178955,4.549000263214111,-1.0839999914169312,1.184999942779541,2.268999934196472
voxel,0.1,000011,1,5236,8.245018457401798,0.017500000772997737,25.268999099731445,25.251499098958448,8.244999885559082,9.984999656677246,1.739999771118164,-1.864571452140808,1.093999981880188,2.958571434020996
voxel,0.1,000011,2,149,25.347769704417583,25.01300048828125,28.132999420166016,3.1199989318847656,4.105999946594238,5.949999809265137,1.8439998626708984,-1.4149999618530273,0.164000004529953,1.5789999663829803
voxel,0.1,000011,3,1510,5.310528432658768,0.017333334156622488,7.397000074386597,7.3796667402299745,-8.04800033569336,-5.310500144958496,2.7375001907348633,-1.7960000038146973,0.4959999918937683,2.2919999957084656
voxel,0.1,000011,4,281,26.782270116640756,25.367000579833984,29.992000579833984,4.625,8.590999603271484,9.72700023651123,1.136000633239746,-1.5210000276565552,1.2259999513626099,2.746999979019165
voxel,0.1,000011,5,847,4.947156906343117,2.5,6.296250104904175,3.796250104904175,4.269000053405762,5.88700008392334,1.6180000305175781,-1.7039999961853027,-0.37400001287460327,1.3299999833106995
voxel,0.1,000011,6,337,1.540001260553934,0.0020000000949949026,2.6410000324249268,2.639000032329932,-3.763000011444092,-1.5399999618530273,2.2230000495910645,-1.4410000046094258,0.09600000083446503,1.5370000054438908
voxel,0.1,000011,7,29,9.435038236184267,4.789499998092651,5.082499980926514,0.2929999828338623,-8.428499698638916,-8.128999710083008,0.2994999885559082,-0.6286666790644327,0.07199999690055847,0.7006666759649912
voxel,0.1,000011,8,134,12.614101553552137,11.71500015258789,13.817000389099121,2.1020002365112305,-5.878999948501587,-4.677000045776367,1.2019999027252197,-1.2660000324249268,0.34599998593330383,1.6120000183582306
voxel,0.1,000011,9,17,29.641782510810096,29.35700035095215,29.690000534057617,0.33300018310546875,-4.514999866485596,-4.098999977111816,0.4159998893737793,-0.9509999752044678,-0.21299999952316284,0.7379999756813049
voxel,0.1,000011,10,22,22.04041032053891,20.540000915527344,21.017000198364258,0.47699928283691406,-8.236000061035156,-7.993000030517578,0.24300003051757812,0.029999999329447746,0.9710000157356262,0.9410000164061785
voxel,0.1,000011,11,22,7.040284221160025,6.624000072479248,7.0329999923706055,0.4089999198913574,-2.5369999408721924,-2.384999990463257,0.15199995040893555,-1.4304999709129333,-0.5603333314259847,0.8701666394869486
voxel,0.1,000011,12,64,17.794843643872884,16.067500114440918,16.621000289916992,0.5535001754760742,7.6479997634887695,8.23900032043457,0.5910005569458008,-1.6019999980926514,-0.26649999618530273,1.3355000019073486
voxel,0.1,000011,13,87,10.799183383130645,7.500999927520752,9.47599983215332,1.9749999046325684,-9.366000175476074,-7.769000053405762,1.5970001220703125,-1.2300000190734863,-0.1889999955892563,1.04100002348423
voxel,0.1,000011,14,108,7.192022675670666,0.017999999225139618,1.2040000259876251,1.1860000267624855,-9.905499935150146,-7.192000150680542,2.7134997844696045,-0.7400000095367432,-0.1589999943971634,0.5810000151395798
voxel,0.1,000011,15,28,14.71972804450366,12.557999610900879,12.970000267028809,0.4120006561279297,-7.926000118255615,-7.678999900817871,0.24700021743774414,-1.1670000553131104,0.7129999995231628,1.8800000548362732
voxel,0.1,000011,16,39,12.822042666184117,11.0600004196167,11.290500164031982,0.2304997444152832,6.486999988555908,6.685999870300293,0.19899988174438477,-1.6269999742507935,0.6504999995231628,2.2774999737739563
voxel,0.1,000011,17,15,9.945413488653593,9.5,9.843000411987305,0.3430004119873047,-3.1029999256134033,-2.943000078201294,0.15999984741210938,-1.378999948501587,-0.5460000038146973,0.8329999446868896
voxel,0.1,000011,18,16,13.662215414767296,12.180000305175781,12.670999526977539,0.4909992218017578,-6.388999938964844,-6.189000129699707,0.19999980926513672,-1.1609999537467957,-0.4099999964237213,0.7509999573230743
voxel,0.1,000011,19,34,5.554850015670475,5.021999835968018,5.459000110626221,0.4370002746582031,-2.552000045776367,-2.374000072479248,0.17799997329711914,-1.4413333733876545,-0.578000009059906,0.8633333643277485
voxel,0.1,000011,20,18,8.533351154039968,8.163000106811523,8.4399995803833,0.27699947357177734,-2.5889999866485596,-2.486666679382324,0.10233330726623535,-1.3339999914169312,-0.5462500005960464,0.7877499908208847
voxel,0.1,000011,21,13,21.51494304251823,20.761999130249023,21.094999313354492,0.33300018310546875,-5.86299991607666,-5.642000198364258,0.22099971771240234,-1.1480000019073486,-0.25,0.8980000019073486
voxel,0.1,000011,22,23,3.7555520671254072,3.4839999675750732,4.057000160217285,0.5730001926422119,-2.01200008392334,-1.4021111064487033,0.6098889774746366,-1.7294999957084656,-1.7029999494552612,0.026500046253204346
voxel,0.1,000011,23,11,15.644641820858094,12.642000198364258,12.753999710083008,0.11199951171875,-9.348999977111816,-9.215999603271484,0.13300037384033203,-1.065000057220459,-0.29600000381469727,0.7690000534057617
voxel,0.1,000011,24,21,11.475203969140965,10.826000213623047,11.149999618530273,0.32399940490722656,-3.9140000343322754,-3.805000066757202,0.10899996757507324,-1.2769999504089355,-0.44999998807907104,0.8269999623298645
voxel,0.1,000011,25,10,21.778953807618755,20.576000213623047,21.200000762939453,0.6240005493164062,-7.9670000076293945,-7.138000011444092,0.8289999961853027,-1.062000036239624,-0.9129999876022339,0.14900004863739014
voxel,0.1,000011,26,7,22.45623788544827,21.38949966430664,22.01300048828125,0.6235008239746094,-7.108500003814697,-6.839000225067139,0.2694997787475586,-1.100000023841858,-1.07150000333786,0.028500020503997803
voxel,0.1,000019,0,5628,5.609196949688851,2.680999994277954,29.902000427246094,27.22100043296814,-9.979999542236328,-4.927000045776367,5.052999496459961,-1.4040000438690186,1.1100000143051147,2.5140000581741333
voxel,0.1,000019,1,2004,3.5903472184907415,2.9210000038146973,8.499249935150146,5.578249931335449,2.087666670481364,4.558000087738037,2.4703334172566733,-1.812000036239624,0.4779999852180481,2.290000021457672
voxel,0.1,000019,2,1484,4.91425093191672,0.003000000026077032,8.5649995803833,8.561999580357224,4.914250016212463,9.99899959564209,5.0847495794296265,-1.9880000352859497,0.609000027179718,2.5970000624656677
voxel,0.1,000019,3,118,12.64797742678024,9.170999526977539,10.701000213623047,1.5300006866455078,8.710000038146973,9.180999755859375,0.47099971771240234,-0.23149999976158142,0.6650000214576721,0.8965000212192535
voxel,0.1,000019,4,888,1.0043948868971768,0.022499999768721562,11.835000038146973,11.812500038378252,-4.078999996185303,-1.0041428378650121,3.074857158320291,-1.8509999513626099,-0.1860000044107437,1.6649999469518661
voxel,0.1,000019,5,26,6.170594016852577,1.5019999742507935,1.5850000381469727,0.0830000638961792,-6.551000118255615,-5.985000133514404,0.5659999847412109,-1.246999979019165,-0.375,0.871999979019165
voxel,0.1,000019,6,13,26.37275793946277,25.77199935913086,26.420499801635742,0.6485004425048828,5.5970001220703125,6.61299991607666,1.0159997940063477,-1.965999960899353,-1.9329999685287476,0.03299999237060547
voxel,0.1,000019,7,22,28.55002391030321,28.003000259399414,28.968000411987305,0.9650001525878906,5.561999797821045,7.440000057220459,1.878000259399414,-1.972000002861023,-1.9249999523162842,0.04700005054473877
voxel,0.1,000019,8,10,24.61092024853457,23.98550033569336,24.41699981689453,0.4314994812011719,5.513000011444092,6.213000059127808,0.7000000476837158,-1.9509999752044678,-1.9289999604225159,0.022000014781951904
voxel,0.1,000019,9,14,12.516079643791551,12.447999954223633,13.709666887919107,1.2616669336954747,-1.7369999885559082,-1.3036666711171467,0.43333331743876147,-1.7589999437332153,-1.7280000448226929,0.03099989891052246
voxel,0.1,000025,0,7964,0.9934999942779541,0.0,26.597999572753906,26.597999572753906,-9.98799991607666,-0.9934999942779541,8.994499921798706,-1.7430000305175781,0.9350000023841858,2.678000032901764
voxel,0.1,000025,1,4818,4.473001838099687,0.004000000189989805,16.194000244140625,16.190000243950635,4.4730000495910645,10.0,5.5269999504089355,-1.4800000190734863,0.8119999766349792,2.2919999957084656
voxel,0.1,000025,2,599,16.2287329764067,15.907999992370605,19.573999404907227,3.665999412536621,3.2105000019073486,7.039999961853027,3.8294999599456787,-1.2319999933242798,0.8500000238418579,2.0820000171661377
voxel,0.1,000025,3,1029,10.021419219568429,9.08050012588501,14.781999588012695,5.7014994621276855,4.239500045776367,8.109999656677246,3.870499610900879,-1.4524999856948853,0.7490000128746033,2.2014999985694885
voxel,0.1,000025,4,885,2.8499193047539366,2.0003333356645374,5.6570000648498535,3.656666729185316,2.029952361470177,3.815000057220459,1.7850476957502819,-1.559000015258789,-0.19900000095367432,1.3600000143051147
voxel,0.1,000025,5,209,16.712695339261355,16.47800064086914,17.957000732421875,1.4790000915527344,-4.238999843597412,-2.7909998893737793,1.4479999542236328,-1.6109999418258667,-0.24249999970197678,1.36849994212389
voxel,0.1,000025,6,505,8.776442660920114,8.675999641418457,12.675000190734863,3.9990005493164062,1.3240000009536743,3.678999900817871,2.3549998998641968,-1.5399999618530273,-0.19599999487400055,1.3439999669790268
voxel,0.1,000025,7,12,22.324334163181486,21.785999298095703,22.5049991607666,0.7189998626708984,-5.843999862670898,-4.873000144958496,0.9709997177124023,0.43700000643730164,0.7239999771118164,0.28699997067451477
voxel,0.1,000025,8,86,23.828714269545785,23.60300064086914,24.68199920654297,1.0789985656738281,3.2720000743865967,5.622000217437744,2.3500001430511475,-1.0219999551773071,0.014000000432133675,1.0359999556094408
voxel,0.1,000025,9,118,11.281104320403573,9.884999752044678,10.77299976348877,0.8880000114440918,5.435999870300293,7.60099983215332,2.1649999618530273,-0.5609999895095825,0.6340000033378601,1.1949999928474426
voxel,0.1,000025,10,50,28.48129758771286,28.481000900268555,29.264999389648438,0.7839984893798828,0.12999999523162842,1.7960000038146973,1.6660000085830688,-1.437999963760376,-0.5600000023841858,0.8779999613761902
voxel,0.1,000025,11,94,25.178435746718403,25.03700065612793,29.964000701904297,4.927000045776367,2.6649999618530273,3.7079999446868896,1.0429999828338623,-1.4210000038146973,-0.004999999888241291,1.416000003926456
voxel,0.1,000025,12,246,2.3420546015352097,0.01600000075995922,1.430999994277954,1.4149999935179949,2.3419999480247498,4.09499979019165,1.7529998421669006,-1.3980000019073486,-0.37299999594688416,1.0250000059604645
voxel,0.1,000025,13,45,21.27701282260823,21.051000595092773,22.441999435424805,1.3909988403320312,-3.736999988555908,-3.0929999351501465,0.6440000534057617,-1.5549999475479126,-0.36800000071525574,1.1869999468326569
voxel,0.1,000025,14,15,30.191171278865443,29.665000915527344,29.990999221801758,0.32599830627441406,5.611999988555908,6.633999824523926,1.0219998359680176,0.3019999861717224,0.6735000014305115,0.37150001525878906
voxel,0.1,000025,15,12,24.916100064397778,23.343000411987305,23.5939998626709,0.25099945068359375,8.713000297546387,9.055000305175781,0.34200000762939453,-0.9150000214576721,0.16699999570846558,1.0820000171661377
voxel,0.1,000025,16,11,28.761844175537878,27.996000289916992,28.93199920654297,0.9359989166259766,-6.89549994468689,-6.5929999351501465,0.30250000953674316,-0.5640000104904175,-0.20499999821186066,0.3590000122785568
voxel,0.1,000049,0,892,5.474168963515652,4.997799873352051,8.982999801635742,3.9851999282836914,2.2335000038146973,5.546999931335449,3.313499927520752,-1.5283636288209395,0.5199999809265137,2.048363609747453
voxel,0.1,000049,1,581,12.73003206481761,12.505000114440918,14.473999977111816,1.9689998626708984,2.382999897003174,5.98799991607666,3.6050000190734863,-1.375,0.004000000189989805,1.3790000001899898
voxel,0.1,000049,2,204,18.63859085212974,18.347000122070312,22.106000900268555,3.759000778198242,-5.0879998207092285,-3.2839999198913574,1.803999900817871,-1.3600000143051147,0.27000001072883606,1.6300000250339508
voxel,0.1,000049,3,23,29.11245419788353,28.805999755859375,29.091999053955078,0.2859992980957031,4.2129998207092285,4.598999977111816,0.3860001564025879,0.29899999499320984,1.2029999494552612,0.9039999544620514
voxel,0.1,000049,4,52,18.834169741096257,18.347000122070312,18.749000549316406,0.40200042724609375,4.25600004196167,4.689000129699707,0.4330000877380371,-0.06199999898672104,0.8539999723434448,0.9159999713301659
voxel,0.1,000049,5,641,2.4120051232877477,0.004999999888241291,2.943000078201294,2.9380000783130527,2.4119999408721924,5.244999885559082,2.8329999446868896,-1.5350000262260437,-0.11599999831782447,1.4190000279082193
voxel,0.1,000049,6,256,12.390277447414542,10.142000198364258,13.287500381469727,3.1455001831054688,7.117500066757202,8.853000164031982,1.7355000972747803,-1.2269999980926514,0.004000000189989805,1.2309999982826412
voxel,0.1,000049,7,343,7.581116175641087,2.1630001068115234,4.769999980926514,2.6069998741149902,7.265999794006348,8.970999717712402,1.7049999237060547,-1.4299999475479126,-0.14800000190734863,1.281999945640564
voxel,0.1,000049,8,330,8.558944994403733,7.9079999923706055,11.605999946594238,3.697999954223633,-4.718999862670898,-3.2739999294281006,1.4449999332427979,-1.590000033378601,-0.25999999046325684,1.3300000429153442
voxel,0.1,000049,9,232,9.395164988972438,5.8420000076293945,9.321999549865723,3.479999542236328,7.357999801635742,8.770999908447266,1.4130001068115234,-1.3279999494552612,-0.039000000804662704,1.2889999486505985
voxel,0.1,000049,10,361,18.621943236352074,16.427000045776367,27.726999282836914,11.299999237060547,-9.98799991607666,-8.770999908447266,1.2170000076293945,-1.4739999771118164,1.1380000114440918,2.611999988555908
voxel,0.1,000049,11,154,12.636274672664097,10.135000228881836,13.26200008392334,3.126999855041504,-9.951000213623047,-7.546999931335449,2.4040002822875977,-1.6455000042915344,-1.4459999799728394,0.19950002431869507
voxel,0.1,000049,12,120,20.820918358552916,20.600000381469727,22.307000160217285,1.7069997787475586,3.0250000953674316,4.7870001792907715,1.7620000839233398,-1.1570000052452087,0.03799999877810478,1.1950000040233135
voxel,0.1,000049,13,151,20.141000747680664,20.141000747680664,21.31399917602539,1.1729984283447266,-1.2269999980926514,0.4790000021457672,1.7060000002384186,-1.3519999980926514,-0.08500000089406967,1.2669999971985817
voxel,0.1,000049,14,1234,2.579824841629297,0.9100000262260437,5.421000003814697,4.510999977588654,-4.989000082015991,-2.4140000343322754,2.575000047683716,-1.6959999799728394,-0.09300000220537186,1.6029999777674675
voxel,0.1,000049,15,51,11.075332011317736,7.427000045776367,8.456000328063965,1.0290002822875977,-9.109999656677246,-8.215999603271484,0.8940000534057617,-0.5215000212192535,0.6179999709129333,1.139499992132187
voxel,0.1,000049,16,263,17.335715844812448,15.82450008392334,18.854000091552734,3.0295000076293945,7.078999996185303,8.855999946594238,1.7769999504089355,-1.2480000257492065,0.05700000002980232,1.3050000257790089
voxel,0.1,000049,17,68,23.884468210433127,23.729999542236328,24.914000511169434,1.1840009689331055,2.7119998931884766,4.677999973297119,1.9660000801086426,-1.2100000381469727,0.1679999977350235,1.3780000358819962
voxel,0.1,000049,18,32,26.73065484982211,25.709999084472656,27.216999053955078,1.5069999694824219,7.315999984741211,8.859000205993652,1.5430002212524414,-0.19300000369548798,0.164000004529953,0.357000008225441
voxel,0.1,000049,19,306,13.608955336479863,13.21049976348877,16.785999298095703,3.5754995346069336,-4.789000034332275,-3.2690000534057617,1.5199999809265137,-1.4830000400543213,-0.2639999985694885,1.2190000414848328
voxel,0.1,000049,20,108,10.04147063769942,8.347000122070312,9.824999809265137,1.4779996871948242,5.581999778747559,6.745999813079834,1.1640000343322754,-1.3960000276565552,-0.8500000238418579,0.5460000038146973
voxel,0.1,000049,21,37,15.100308011347808,13.373000144958496,13.854999542236328,0.48199939727783203,7.013000011444092,7.260000228881836,0.24700021743774414,-1.3079999685287476,-0.20000000298023224,1.1079999655485153
voxel,0.1,000049,22,301,4.102736004145442,2.944000005722046,4.413000106811523,1.4690001010894775,2.8575000762939453,4.7829999923706055,1.9254999160766602,-1.5213332970937092,0.010999999940395355,1.5323332970341046
voxel,0.1,000049,23,17,22.95411253439498,21.638999938964844,22.229999542236328,0.5909996032714844,7.6579999923706055,8.902000427246094,1.2440004348754883,-0.12399999797344208,0.17100000381469727,0.29500000178813934
voxel,0.1,000049,24,32,18.257894726312575,16.23200035095215,16.55900001525879,0.3269996643066406,-9.076000213623047,-8.359000205993652,0.7170000076293945,-0.9449999928474426,0.8460000157356262,1.7910000085830688
voxel,0.1,000049,25,47,26.365162407007173,26.289499282836914,27.94499969482422,1.6555004119873047,1.996000051498413,3.521499991416931,1.525499939918518,-1.1610000133514404,0.164000004529953,1.3250000178813934
voxel,0.1,000049,26,15,16.63970951184853,14.161999702453613,14.550999641418457,0.38899993896484375,-9.75,-8.736000061035156,1.0139999389648438,-1.6260000467300415,-1.5390000343322754,0.08700001239776611
voxel,0.1,000049,27,89,15.724295866371957,15.580999851226807,18.33099937438965,2.749999523162842,2.118000030517578,3.236999988555908,1.11899995803833,-1.3650000095367432,-0.7289999723434448,0.6360000371932983
voxel,0.1,000049,28,17,28.601770086607544,27.329999923706055,27.75200080871582,0.4220008850097656,-8.642000198364258,-8.434000015258789,0.20800018310546875,-0.5450000166893005,1.1890000104904175,1.734000027179718
voxel,0.1,000049,29,10,17.768053838502624,15.219500064849854,15.503999710083008,0.2844996452331543,-9.925000190734863,-9.168999671936035,0.7560005187988281,-1.6080000400543213,-1.550499975681305,0.05750006437301636
voxel,0.2,000001,0,4939,2.267014075474563,0.00800000037997961,26.770000457763672,26.762000457383692,-10.0,-2.2669999599456787,7.733000040054321,-1.6312222260015983,1.1169999837875366,2.7482222097891347
voxel,0.2,000001,1,10,30.724778295876273,29.357999801635742,29.97599983215332,0.6180000305175781,-9.402000427246094,-9.062000274658203,0.3400001525878906,0.30399999022483826,0.6850000023841858,0.38100001215934753
voxel,0.2,000001,2,30,22.24607198110594,22.138999938964844,24.233999252319336,2.094999313354492,-3.4149999618530273,-2.180000066757202,1.2349998950958252,-1.378999948501587,-0.6899999976158142,0.6889999508857727
voxel,0.2,000001,3,27,20.79545185812351,20.674999237060547,21.975000381469727,1.3000011444091797,-3.5420000553131104,-2.234999895095825,1.3070001602172852,-1.3960000276565552,-0.7269999980926514,0.6690000295639038
voxel,0.2,000001,4,16,28.63353883998796,27.933000564575195,28.466999053955078,0.5339984893798828,-7.3450000286102295,-6.295000076293945,1.0499999523162842,-1.0755000114440918,-0.1979999989271164,0.8775000125169754
voxel,0.2,000001,5,13,20.613821162139327,18.31599998474121,19.735000610351562,1.4190006256103516,-9.786499977111816,-9.458000183105469,0.32849979400634766,-0.3440000116825104,0.03700000047683716,0.38100001215934753
voxel,0.2,000001,6,11,18.469645288184438,17.34666633605957,18.378999710083008,1.0323333740234375,-7.054999828338623,-6.3420000076293945,0.7129998207092285,-1.2309999465942383,-1.1716666618982952,0.05933328469594312
voxel,0.2,000011,0,1859,8.24511728920616,0.043999998830258846,25.145000457763672,25.101000458933413,8.244999885559082,9.984999656677246,1.739999771118164,-1.8718999862670898,1.093999981880188,2.9658999681472777
voxel,0.2,000011,1,268,4.993842293483882,2.591157925756354,6.320000171661377,3.728842245905023,4.269000053405762,5.838833332061768,1.5698332786560059,-1.6713823500801535,-0.37400001287460327,1.2973823372055502
voxel,0.2,000011,2,152,1.5575080304306146,0.0050000002374872565,2.57150000333786,2.566500003100373,-3.7316667238871255,-1.5575000047683716,2.174166719118754,-1.4555000066757202,0.09233333418766658,1.5478333408633869
voxel,0.2,000011,3,232,26.70722055772743,25.268999099731445,29.992000579833984,4.723001480102539,8.645999908447266,9.72700023651123,1.0810003280639648,-1.5440000295639038,1.2259999513626099,2.7699999809265137
voxel,0.2,000011,4,417,23.01225372408016,22.36050033569336,28.03000005086263,5.66949971516927,-9.970999717712402,-5.438000202178955,4.532999515533447,-1.0794999599456787,1.1660000085830688,2.2454999685287476
voxel,0.2,000011,5,551,5.374041031685392,0.020999999716877937,7.25766658782959,7.236666588112712,-7.583000183105469,-5.374000000953674,2.2090001821517946,-1.7960000038146973,0.4959999918937683,2.2919999957084656
voxel,0.2,000011,6,14,22.07868541686893,20.569000244140625,21.017000198364258,0.4479999542236328,-8.17733351389567,-8.02400016784668,0.1533333460489903,0.029999999329447746,0.9710000157356262,0.9410000164061785
voxel,0.2,000011,7,30,17.802802586268964,16.067500114440918,16.621000289916992,0.5535001754760742,7.666499853134155,8.201000213623047,0.5345003604888916,-1.6257499754428864,-0.26649999618530273,1.3592499792575836
voxel,0.2,000011,8,64,12.649264233023537,11.760000228881836,13.607000350952148,1.8470001220703125,-5.540999889373779,-4.658999919891357,0.8819999694824219,-1.2660000324249268,0.34599998593330383,1.6120000183582306
voxel,0.2,000011,9,53,10.716058197300816,7.349999904632568,9.473999977111816,2.124000072479248,-9.340999841690063,-7.798166751861572,1.5428330898284912,-1.218999981880188,-0.1889999955892563,1.0299999862909317
voxel,0.2,000011,10,14,9.480729497779006,4.790333271026611,5.118000030517578,0.3276667594909668,-8.419333140055338,-8.181499799092611,0.23783334096272668,-0.6286666790644327,0.07116666808724403,0.6998333471516768
voxel,0.2,000011,11,13,11.493860843657737,10.840499877929688,11.149999618530273,0.30949974060058594,-3.9140000343322754,-3.819999933242798,0.09400010108947754,-1.2353333234786987,-0.44999998807907104,0.7853333353996277
voxel,0.2,000011,12,94,25.355316304976224,25.01300048828125,27.98699951171875,2.9739990234375,4.1523332595825195,5.739999771118164,1.5876665115356445,-1.4144999980926514,0.164000004529953,1.5785000026226044
voxel,0.2,000011,13,11,15.644641820858094,12.642000198364258,12.746000289916992,0.10400009155273438,-9.333000183105469,-9.215999603271484,0.11700057983398438,-1.0579999685287476,-0.29600000381469727,0.7619999647140503
voxel,0.2,000011,14,19,14.71972804450366,12.557999610900879,12.970000267028809,0.4120006561279297,-7.926000118255615,-7.678999900817871,0.24700021743774414,-1.0289999842643738,0.7129999995231628,1.7419999837875366
voxel,0.2,000011,15,10,13.726229260911069,12.2330002784729,12.65399980545044,0.42099952697753906,-6.385999917984009,-6.22599983215332,0.16000008583068848,-1.0779999494552612,-0.4099999964237213,0.6679999530315399
voxel,0.2,000011,16,52,7.1920627199259535,0.029999999329447746,1.1796666781107585,1.1496666787813108,-9.911499977111816,-7.192000150680542,2.7194998264312744,-0.7355000078678131,-0.1589999943971634,0.5765000134706497
voxel,0.2,000011,17,13,29.641782510810096,29.35700035095215,29.690000534057617,0.33300018310546875,-4.514999866485596,-4.098999977111816,0.4159998893737793,-1.040499985218048,-0.21299999952316284,0.8274999856948853
voxel,0.2,000011,18,13,5.554850015670475,5.021999835968018,5.459000110626221,0.4370002746582031,-2.5360000133514404,-2.374000072479248,0.16199994087219238,-1.2699999809265137,-0.6408571430615017,0.629142837865012
voxel,0.2,000011,19,11,7.048641711627917,6.630000114440918,7.0329999923706055,0.4029998779296875,-2.5369999408721924,-2.3929998874664307,0.14400005340576172,-1.3270000219345093,-0.5429999828338623,0.784000039100647
voxel,0.2,000011,20,11,8.528146929428852,8.160500049591064,8.4399995803833,0.27949953079223633,-2.5889999866485596,-2.4769999980926514,0.1119999885559082,-1.2886666655540466,-0.5339999794960022,0.7546666860580444
voxel,0.2,000019,0,604,3.6414642193928692,2.9899999618530275,8.51200008392334,5.522000122070312,2.078499913215637,4.558000087738037,2.4795001745224,-1.934000015258789,0.50450000166893,2.438500016927719
voxel,0.2,000019,1,2243,5.808727298220433,2.677500009536743,26.4689998626709,23.791499853134155,-9.979999542236328,-5.1548333168029785,4.82516622543335,-1.3537499606609344,1.1100000143051147,2.463749974966049
voxel,0.2,000019,2,306,6.824476006383912,2.875,8.5649995803833,5.689999580383301,6.189333385891384,9.99899959564209,3.8096662097507057,-1.9679999947547913,0.5818333427111307,2.549833337465922
voxel,0.2,000019,3,562,0.404730973680382,0.02299999975366518,11.833000183105469,11.810000183351804,-4.172999858856201,-0.40407692469083345,3.7689229341653676,-1.780083328485489,-0.186666672428449,1.59341665605704
voxel,0.2,000019,4,53,12.71546539474029,9.208499908447266,10.701000213623047,1.4925003051757812,8.768499851226807,9.176666259765625,0.40816640853881836,-0.20600000023841858,0.6176666617393494,0.8236666619777679
voxel,0.2,000019,5,21,7.842889348030567,0.014999999664723873,0.30799999833106995,0.2929999986663461,7.842875003814697,9.906000137329102,2.0631251335144043,-1.937999963760376,-1.6920000314712524,0.24599993228912354
voxel,0.2,000019,6,52,27.211613896940968,26.667999267578125,29.67099952697754,3.003000259399414,-5.982999801635742,-5.4120001792907715,0.5709996223449707,-1.3669999837875366,0.16099999845027924,1.5279999822378159
voxel,0.2,000019,7,53,3.6052143583698637,0.004000000189989805,2.8319999831063405,2.8279999829163507,3.6052121393608325,4.544000053405762,0.9387879140449296,-1.9595555596881442,-1.890909082961805,0.06864647672633928
voxel,0.2,000019,8,10,6.360298432981968,1.6815000176429749,1.7473000049591065,0.06579998731613168,6.133999824523926,6.3609999020894366,0.22700007756551077,-1.6295555432637532,-0.902999997138977,0.7265555461247761
voxel,0.2,000019,9,12,6.185400904353115,1.4869999885559082,1.5423333379957411,0.055333349439832924,-6.189000129699707,-6.003999948501587,0.18500018119812012,-1.0695000290870667,-0.414000004529953,0.6555000245571136
voxel,0.2,000019,10,11,6.198711978250504,0.03724999993573874,0.4466666678587596,0.40941666792302084,6.1986000537872314,6.607666757371691,0.4090667035844593,-1.8017777734332614,-0.9294999837875366,0.8722777896457248
voxel,0.2,000025,0,2239,2.02128272417876,0.011500000488013029,16.173500061035156,16.162000060547143,2.021250009536743,9.993000030517578,7.971750020980835,-1.599099999666214,0.8119999766349792,2.4110999763011933
voxel,0.2,000025,1,350,16.295418169383247,15.96999979019165,19.405000686645508,3.4350008964538574,3.240333318710327,7.039999961853027,3.7996666431427,-1.2319999933242798,0.8500000238418579,2.0820000171661377
voxel,0.2,000025,2,781,8.74741100292655,8.642999649047852,14.710000038146973,6.067000389099121,1.3475000262260437,8.149999618530273,6.80249959230423,-1.5727500319480896,0.728333314259847,2.3010833462079368
voxel,0.2,000025,3,3270,3.9895011340006934,0.003000000026077032,26.239999771118164,26.236999771092087,-9.98799991607666,-3.9895000060399375,5.998499910036722,-1.6892500072717667,0.9333333373069763,2.622583344578743
voxel,0.2,000025,4,90,16.71613104482376,16.47800064086914,17.957000732421875,1.4790000915527344,-4.184999942779541,-2.8114999532699585,1.3734999895095825,-1.6019999980926514,-0.24275000020861626,1.359249997884035
voxel,0.2,000025,5,53,11.272749807180654,9.859999656677246,10.758000373840332,0.8980007171630859,5.4639999071757,7.60099983215332,2.13699992497762,-0.5609999895095825,0.6340000033378601,1.1949999928474426
voxel,0.2,000025,6,42,28.4849634736024,28.48466682434082,29.540000915527344,1.0553340911865234,0.12999999523162842,2.2750000953674316,2.1450001001358032,-1.4700000286102295,-0.5600000023841858,0.9100000262260437
voxel,0.2,000025,7,12,30.191171278865443,29.665000915527344,29.97249984741211,0.3074989318847656,5.611999988555908,6.609000205993652,0.9970002174377441,0.3019999861717224,0.6729999780654907,0.3709999918937683
voxel,0.2,000025,8,51,23.855209837216695,23.629749298095703,24.68199920654297,1.0522499084472656,3.2720000743865967,5.622000217437744,2.3500001430511475,-1.0219999551773071,0.014000000432133675,1.0359999556094408
voxel,0.2,000025,9,72,2.3788188722978094,0.025000000139698386,1.2100909081372349,1.1850909079975365,2.3786875009536743,3.995199966430664,1.6165124654769896,-1.229714274406433,-0.37299999594688416,0.856714278459549
voxel,0.2,000025,10,151,2.225416131056299,1.7059999704360962,4.83299994468689,3.1269999742507935,-3.345500111579895,-1.4290000200271606,1.9165000915527344,-1.6653333107630413,-0.3059999942779541,1.3593333164850872
voxel,0.2,000025,11,30,21.27701282260823,21.051000595092773,22.441999435424805,1.3909988403320312,-3.736999988555908,-3.0929999351501465,0.6440000534057617,-1.5524999499320984,-0.36800000071525574,1.1844999492168427
voxel,0.2,000025,12,45,25.154358093124717,25.03700065612793,27.264999389648438,2.227998733520508,2.427000045776367,3.7079999446868896,1.2809998989105225,-1.4395000338554382,-0.004999999888241291,1.434500033967197
voxel,0.2,000025,13,32,27.337883303460114,27.236000061035156,29.964000701904297,2.7280006408691406,2.3580000400543213,3.4619998931884766,1.1039998531341553,-1.4279999732971191,-0.7319999933242798,0.6959999799728394
voxel,0.2,000025,14,11,28.761844175537878,27.996000289916992,28.93199920654297,0.9359989166259766,-6.920000076293945,-6.5929999351501465,0.32700014114379883,-0.5640000104904175,-0.20499999821186066,0.3590000122785568
voxel,0.2,000049,0,17,29.118196658506864,28.805999755859375,29.091999053955078,0.2859992980957031,4.25249981880188,4.598999977111816,0.3465001583099365,0.29899999499320984,1.2029999494552612,0.9039999544620514
voxel,0.2,000049,1,316,5.592865224773094,5.119500041007996,8.894000053405762,3.774500012397766,2.25185717855181,5.536999940872192,3.2851427623203824,-1.5198571681976318,0.4689999967813492,1.988857164978981
voxel,0.2,000049,2,397,2.615736649491043,0.9303333361943563,5.421000003814697,4.490666667620341,-4.962999979654948,-2.444700002670288,2.51829997698466,-1.659294142442591,-0.09300000220537186,1.5662941402372192
voxel,0.2,000049,3,236,18.642588470367023,16.450400161743165,27.726999282836914,11.27659912109375,-9.984999656677246,-8.770999908447266,1.2139997482299805,-1.4739999771118164,1.1380000114440918,2.611999988555908
voxel,0.2,000049,4,125,17.3463423357083,15.831666628519693,18.783000946044922,2.9513343175252285,7.089000225067139,8.855999946594238,1.7669997215270996,-1.1579999923706055,0.05700000002980232,1.2149999924004078
voxel,0.2,000049,5,117,12.421367338060309,10.184500217437744,13.052000045776367,2.867499828338623,7.111000061035156,8.824000040690104,1.7129999796549473,-1.2269999980926514,0.003600000124424696,1.230599998217076
voxel,0.2,000049,6,215,12.789672921592473,12.562090960415928,14.442000389099121,1.8799094286831934,2.4020000298817954,5.98799991607666,3.5859998861948648,-1.3730000257492065,0.004000000189989805,1.3770000259391963
voxel,0.2,000049,7,25,11.093455972963866,7.453999996185303,8.388875007629395,0.9348750114440918,-9.109999656677246,-8.215999603271484,0.8940000534057617,-0.48916666706403095,0.6180000007152557,1.1071666677792866
voxel,0.2,000049,8,25,18.85246401710921,18.361249923706055,18.749000549316406,0.38775062561035156,4.275500059127808,4.689000129699707,0.4135000705718994,-0.06199999898672104,0.8524999916553497,0.9144999906420708
voxel,0.2,000049,9,98,9.395164988972438,5.8420000076293945,9.324499607086182,3.482499599456787,7.357999801635742,8.770999908447266,1.4130001068115234,-1.2826666633288066,-0.03920000046491623,1.2434666628638904
voxel,0.2,000049,10,37,26.389592055229777,26.31399917602539,27.94499969482422,1.6310005187988281,1.996000051498413,3.4830000400543213,1.4869999885559082,-1.1610000133514404,0.164000004529953,1.3250000178813934
voxel,0.2,000049,11,206,2.4489650381389514,0.01433333350966374,2.718000054359436,2.7036667208497724,2.4489230926220236,4.789000034332275,2.340076941710252,-1.5296363577698215,-0.11624999903142452,1.413386358738397
voxel,0.2,000049,12,16,28.683368922863824,27.413999557495117,27.75200080871582,0.3380012512207031,-8.642000198364258,-8.438499927520752,0.20350027084350586,-0.5450000166893005,1.1890000104904175,1.734000027179718
voxel,0.2,000049,13,98,4.148816523058837,2.9978749752044678,4.413000106811523,1.4151251316070557,2.868000030517578,4.760000228881836,1.8920001983642578,-1.512315781492936,0.009999999776482582,1.5223157812694186
voxel,0.2,000049,14,60,15.71944136155248,15.565999984741211,18.33099937438965,2.7649993896484375,2.1910000443458557,3.236999988555908,1.0459999442100525,-1.3612499833106995,-0.7289999723434448,0.6322500109672546
voxel,0.2,000049,15,47,10.080989835871756,8.394500255584717,9.824999809265137,1.43049955368042,5.581999778747559,6.745999813079834,1.1640000343322754,-1.3849999904632568,-0.8500000238418579,0.5349999666213989
voxel,0.2,000049,16,144,8.67433860211174,8.032750129699707,11.605999946594238,3.5732498168945312,-4.718999862670898,-3.2739999294281006,1.4449999332427979,-1.5462499856948853,-0.2603333294391632,1.285916656255722
voxel,0.2,000049,17,147,7.5796910869488485,2.1579999923706055,4.764999866485596,2.6069998741149902,7.265999794006348,8.95300006866455,1.6870002746582031,-1.4299999475479126,-0.14833333591620126,1.2816666116317113
voxel,0.2,000049,18,81,20.182249546051025,20.182249546051025,21.040000915527344,0.8577513694763184,-1.2269999980926514,0.4790000021457672,1.7060000002384186,-1.3510000109672546,-0.08566666891177495,1.2653333420554798
voxel,0.2,000049,19,126,18.699131459264734,18.408499717712402,22.106000900268555,3.6975011825561523,-5.021999994913737,-3.2839999198913574,1.7380000750223799,-1.3580000400543213,0.27000001072883606,1.6280000507831573
voxel,0.2,000049,20,143,13.640506357293239,13.24300012588501,16.762499809265137,3.5194996833801273,-4.789000034332275,-3.2690000534057617,1.5199999809265137,-1.4639999866485596,-0.2639999985694885,1.199999988079071
voxel,0.2,000049,21,18,15.177205248829301,13.445666948954264,13.826000213623047,0.38033326466878314,7.039999961853027,7.260000228881836,0.2200002670288086,-1.2940000295639038,-0.20000000298023224,1.0940000265836716
voxel,0.2,000049,22,28,23.925535501508193,23.771333694458008,24.914000511169434,1.1426668167114258,2.7119998931884766,3.429333289464315,0.7173333962758384,-1.156000018119812,0.013333333656191826,1.1693333517760038
voxel,0.2,000049,23,14,21.728500628265206,21.3799991607666,22.32200050354004,0.9420013427734375,3.875999927520752,4.7870001792907715,0.9110002517700195,-0.27000001072883606,0.032999999821186066,0.3030000105500221
voxel,0.2,000049,24,58,20.82354111605612,20.600000381469727,21.746000289916992,1.1459999084472656,3.0429999828338623,4.4670000076293945,1.4240000247955322,-1.159000039100647,0.03749999962747097,1.196500038728118
voxel,0.2,000049,25,89,12.665314878500467,10.16450023651123,13.251999855041504,3.0874996185302734,-9.951000213623047,-7.555999994277954,2.3950002193450928,-1.6480000019073486,-1.4639999866485596,0.18400001525878906
voxel,0.2,000049,26,11,16.70625784764851,14.216749906539917,14.560999870300293,0.344249963760376,-9.949000358581543,-8.77399984995524,1.1750005086263027,-1.6399999856948853,-1.5456666946411133,0.09433329105377197
voxel,0.2,000049,27,15,26.73065484982211,25.709999084472656,26.56100082397461,0.8510017395019531,7.315999984741211,8.585000038146973,1.2690000534057617,-0.18299999833106995,0.164000004529953,0.34700000286102295
voxel,0.2,000049,28,10,22.96291190413738,21.64833386739095,22.229999542236328,0.5816656748453788,7.6579999923706055,8.407666524251303,0.7496665318806972,-0.12399999797344208,0.17100000381469727,0.29500000178813934
voxel,0.4,000001,0,852,6.533579978198237,0.04850000034396847,17.979800033569337,17.93130003322537,-9.99899959564209,-6.533399963378907,3.4655996322631832,-1.534666657447815,0.8474999964237213,2.3821666538715363
voxel,0.4,000001,1,128,20.209398476713634,18.719166437784832,24.082749843597412,5.36358340581258,-9.85200023651123,-7.6165999412536625,2.235400295257568,-1.2978333234786987,1.0540000200271606,2.3518333435058594
voxel,0.4,000001,2,167,3.3754779724384187,0.0740000003327926,8.815694491068522,8.741694490735728,-6.80292501449585,-3.3746667305628457,3.4282582839330042,-1.5724722262885835,-0.210999995470047,1.3614722308185365
voxel,0.4,000001,3,25,21.847571657628993,20.428500175476074,22.200000762939453,1.771500587463379,-8.76800012588501,-7.745499849319458,1.0225002765655518,0.22500000894069672,1.0140000581741333,0.7890000492334366
voxel,0.4,000001,4,56,25.80813439415464,24.878666559855144,26.31849956512451,1.4398330052693673,-8.666000366210938,-6.863800048828125,1.8022003173828125,-0.968999981880188,1.1089999675750732,2.0779999494552612
voxel,0.4,000001,5,14,11.61776526049534,11.199647005866556,12.380923051100512,1.1812760452339557,-3.9169999957084656,-3.0887500047683716,0.828249990940094,-1.4297499805688858,-0.8050000071525574,0.6247499734163284
voxel,0.4,000001,6,29,21.960779787094577,19.937000274658203,21.504199981689453,1.56719970703125,-9.977999687194824,-9.208250045776367,0.769749641418457,-0.5320000052452087,1.0010000467300415,1.5330000519752502
voxel,0.4,000001,7,12,18.01321194635279,16.523000081380207,17.645000457763672,1.1220003763834647,-8.234999656677246,-7.173999786376953,1.060999870300293,-1.1902499794960022,-0.8493333260218302,0.340916653474172
voxel,0.4,000001,8,10,25.162531554140944,24.0002498626709,24.94700050354004,0.9467506408691406,-8.375,-7.559166669845581,0.815833330154419,-1.0779999891916912,-0.3356666664282481,0.742333322763443
voxel,0.4,000001,9,9,19.515400294888103,17.721999486287434,18.663000106811523,0.9410006205240897,-8.797999858856201,-8.17199993133545,0.625999927520752,-0.9129999876022339,-0.4519999921321869,0.460999995470047
voxel,0.4,000011,0,232,8.796807099832721,0.08966666677345832,8.425714492797852,8.336047826024393,8.79635009765625,9.903500080108643,1.107149982452393,-1.8460000038146973,0.5339473611430118,2.379947364957709
voxel,0.4,000011,1,58,23.671411164498608,22.796800231933595,23.427000045776367,0.630199813842772,-8.775214263371058,-6.375076917501596,2.400137345869462,-0.9681666890780131,0.9254999905824661,1.893666679660479
voxel,0.4,000011,2,118,11.971465248232093,8.48184209120901,13.635133361816406,5.1532912706073954,8.448333263397217,9.888714245387487,1.4403809819902698,-1.7218749970197678,0.5547500029206276,2.2766249999403954
voxel,0.4,000011,3,48,6.087282656567195,2.3622558153876962,4.802285671234131,2.4400298558464346,-6.66014289855957,-5.610236858066759,1.0499060404928109,-1.372710529126619,0.4219512198029495,1.7946617489295686
voxel,0.4,000011,4,60,7.451672480821701,5.188370422080711,7.235000133514404,2.0466297114336935,-7.170699977874756,-5.348666667938232,1.8220333099365238,-1.3338571446282523,0.43559259286633245,1.7694497374945848
voxel,0.4,000011,5,25,24.504357264670872,22.75100040435791,24.36774969100952,1.6167492866516113,9.102499961853027,9.635599899291993,0.5330999374389656,-0.638333335518837,0.9532857281821114,1.5916190637009484
voxel,0.4,000011,6,24,28.323562123062818,26.776750087738037,28.051000595092773,1.2742505073547363,9.23200011253357,9.637999534606934,0.40599942207336426,-0.33666667342185974,1.2089999914169312,1.545666664838791
voxel,0.4,000011,7,61,20.48427931237458,18.72385733468192,22.770000457763672,4.046143123081752,8.308000087738037,9.213714327131,0.905714239392962,-1.549999992052714,-0.22214285603591374,1.3278571360168003
voxel,0.4,000011,8,16,22.373812319620974,20.402000427246094,21.583874940872192,1.1818745136260986,9.184000015258789,9.573111110263401,0.38911109500461194,-0.26312499959021807,0.9423333406448364,1.2054583402350545
voxel,0.4,000011,9,17,2.4429199830801007,1.2088571105684554,2.399638887908724,1.1907817773402685,-2.8376666765946608,-2.122857161930629,0.7148095146640316,-1.345414286000388,-0.5324000000953675,0.8130142859050205
voxel,0.4,000011,10,33,5.755461230049918,0.38518181985074823,2.31377419348686,1.9285923736361117,-6.633000016212463,-5.7425576998637275,0.8904423163487358,-0.6048670886438104,0.39629032054255087,1.0011574091863613
voxel,0.4,000011,11,12,9.201597319916276,0.04233333344260851,1.0180000066757202,0.9756666732331117,-9.888333320617676,-9.201499938964844,0.686833381652832,-0.7319999933242798,-0.3410000056028366,0.3909999877214432
voxel,0.4,000011,12,43,19.33279156983362,17.198999404907227,18.859875202178955,1.6608757972717285,8.829000473022461,9.482999801635742,0.6539993286132812,-1.6510000228881836,0.8514999945958456,2.5025000174840293
voxel,0.4,000011,13,74,5.112654605174598,2.5707778135935464,6.278000068664551,3.7072222550710046,4.41931426184518,5.8522500197092695,1.4329357578640893,-1.46541428565979,-0.37400001287460327,1.0914142727851868
voxel,0.4,000011,14,20,12.891197782673066,11.954500198364258,13.09000015258789,1.1354999542236328,-5.4770002365112305,-4.824199962615967,0.6528002738952638,-1.0765789496271234,0.25,1.3265789496271234
voxel,0.4,000011,15,29,26.997368713095153,26.388999938964844,27.285999298095703,0.8969993591308594,-6.4070000648498535,-5.698999881744385,0.7080001831054688,-1.0205000042915344,1.0081999897956848,2.0286999940872192
voxel,0.4,000011,16,47,26.572096684385787,25.145000457763672,28.44974994659424,3.3047494888305664,8.590999603271484,9.506500244140625,0.9155006408691406,-1.5010000069936116,0.5566666622956594,2.057666669289271
voxel,0.4,000011,17,46,16.533877405765917,14.016909079118209,16.871000289916992,2.8540912107987833,8.769000053405762,9.221562564373016,0.45256251096725464,-1.6752000093460082,0.10625000228174031,1.7814500116277485
voxel,0.4,000011,18,10,9.502784056486535,4.870599985122681,5.101999998092651,0.2314000129699707,-8.34416675567627,-8.159666697184244,0.18450005849202533,-0.5324166715145111,0.07100000232458115,0.6034166738390923
voxel,0.4,000011,19,13,26.27911348089401,25.949999809265137,27.18400001525879,1.2340002059936523,4.145999908447266,4.780599975585938,0.6346000671386722,-1.0635000169277191,-0.007200000248849392,1.0563000166788696
voxel,0.4,000011,20,21,10.877206420639995,7.618000030517578,8.812999725341797,1.1949996948242188,-9.161499977111816,-7.763999938964844,1.3975000381469727,-1.1650000214576721,-0.1889999955892563,0.9760000258684158
voxel,0.4,000011,21,13,1.6750329220453568,0.010500000033061951,0.8143055579728551,0.8038055579397931,-2.356652773088879,-1.675000011920929,0.6816527611679501,-0.8530000150203705,0.09600000083446503,0.9490000158548355
voxel,0.4,000011,22,7,27.43830366472396,26.885499954223633,27.71500015258789,0.8295001983642578,-5.985000133514404,-5.480000019073486,0.505000114440918,0.9551999926567077,1.1614999771118164,0.20629998445510866
voxel,0.4,000011,23,18,24.140580779610673,22.415000915527344,23.194599914550782,0.7795989990234382,-9.913999557495117,-8.963000297546387,0.9509992599487305,-0.13699999451637268,0.9779000043869018,1.1148999989032746
voxel,0.4,000011,24,20,7.260136944347719,0.29299999624490736,1.1266000151634217,0.8336000189185143,-8.802099990844727,-7.254222181108263,1.5478778097364643,-0.6811999976634979,-0.33285714260169436,0.34834285506180357
voxel,0.4,000011,25,14,17.870364352978516,16.12000036239624,16.621000289916992,0.500999927520752,7.713333288828532,8.244500160217285,0.531166871388753,-1.490571413721357,-0.3199999928474426,1.1705714208739144
voxel,0.4,000011,26,10,25.57638557268056,25.12542860848563,25.520000139872234,0.39457153138660317,4.78166667620341,5.702000141143799,0.9203334649403887,-1.1086428463459015,-0.6256666580835978,0.4829761882623037
voxel,0.4,000011,27,9,12.122259397245077,8.700499534606934,9.473999977111816,0.7735004425048828,-9.297714097159249,-8.440999984741211,0.8567141124180377,-0.6650000214576721,-0.4410000102860587,0.22400001117161344
voxel,0.4,000019,0,559,5.887037618564175,2.768391277479089,20.385000228881836,17.616608951402746,-9.927833398183187,-5.195500135421753,4.7323332627614345,-1.3559999465942383,0.835666666428248,2.191666613022486
voxel,0.4,000019,1,159,3.6017903964944558,2.9210000038146973,8.00941381783321,5.088413814018512,2.107285703931536,4.28646666208903,2.179180958157494,-1.542714306286403,0.4309999942779541,1.9737143005643571
voxel,0.4,000019,2,28,11.07258175141849,6.782666524251302,8.045666694641113,1.2630001703898115,8.751999855041504,9.876999855041504,1.125,-0.7668235249379102,0.609250009059906,1.376073533997816
voxel,0.4,000019,3,10,23.323681303332318,22.628000259399414,23.53999964396159,0.9119993845621757,-5.810999870300293,-5.6539998054504395,0.15700006484985352,-0.718999981880188,-0.05100000090897083,0.6679999809712172
voxel,0.4,000019,4,16,12.73882505153752,9.204999923706055,10.393789391768607,1.1887894680625521,8.806000232696533,9.162157761423211,0.35615752872667805,-0.11225000023841858,0.640999972820282,0.7532499730587006
voxel,0.4,000019,5,15,7.306109463448795,3.582949995994568,4.875411762910731,1.2924617669161629,6.367236827549181,7.675799989700318,1.3085631621511364,-1.8595999956130982,-1.7901000022888183,0.06949999332427992
voxel,0.4,000019,6,27,8.611226035964757,8.35815378335806,10.02750015258789,1.6693463692298298,-2.8146730753091664,-2.072312518954277,0.7423605563548894,-1.417250007390976,-0.2248235309825224,1.1924264764084536
voxel,0.4,000019,7,38,8.7228697992873,4.757571458816528,6.832090854644775,2.074519395828247,7.311222288343641,9.95900011062622,2.6477778222825794,-1.8932857343128748,-1.6519090912558816,0.24137664305699325
voxel,0.4,000019,8,11,24.226814202923197,23.570000330607098,24.79199981689453,1.2219994862874337,-5.919000148773193,-5.603000164031982,0.31599998474121094,0.3257142837558474,1.059999942779541,0.7342856590236937
voxel,0.4,000019,9,12,10.980862389085349,10.772250175476074,11.573599815368652,0.8013496398925781,-2.26200008392334,-2.1302499771118164,0.13175010681152344,-1.4320000410079956,-0.5162499994039536,0.915750041604042
voxel,0.4,000019,10,10,22.244512564722527,21.523000717163086,22.460000038146973,0.9369993209838867,-5.826000213623047,-5.619499921798706,0.20650029182434082,-0.6899999976158142,-0.01900000000993411,0.6709999976058801
voxel,0.4,000019,11,5,10.212848734609532,9.994875073432922,10.42433336046007,0.4294582870271473,-2.2119998931884766,-2.0987499952316284,0.11324989795684814,-1.2046666542689006,-0.6990000009536743,0.5056666533152263
voxel,0.4,000019,12,10,4.1660099990358335,3.9939999867838325,4.794696222377729,0.8006962355938962,-2.008404257449698,-1.184737699930785,0.823666557518913,-1.8479999899864197,-1.6921566236450012,0.1558433663414185
voxel,0.4,000025,0,163,11.848083040341892,11.139666875203451,14.458999633789062,3.3193327585856114,4.035454576665705,8.109999656677246,4.074545080011541,-1.481727274981412,0.6903750076889992,2.1721022826704113
voxel,0.4,000025,1,550,5.200137167078397,2.7852500677108765,15.743500232696533,12.958250164985657,-9.935600090026856,-4.391333352951777,5.5442667370750796,-1.7007499933242798,0.6510000228881836,2.3517500162124634
voxel,0.4,000025,2,254,3.9891985381235724,0.007666666487542291,5.1959999862470125,5.1883333197594705,-9.559500217437744,-3.9891911710009857,5.570309046436758,-1.7148837239243264,0.45250000059604645,2.1673837245203726
voxel,0.4,000025,3,96,18.07268875831543,17.385000228881836,20.850666681925457,3.465666453043621,-7.546000003814697,-4.938000202178955,2.607999801635742,-1.434999982515971,0.8823750093579292,2.3173749918739004
voxel,0.4,000025,4,68,2.225416131056299,1.7059999704360962,4.717642852238247,3.0116428818021506,-3.059875011444092,-1.4290000200271606,1.6308749914169312,-1.5809999853372574,-0.3087575715599638,1.2722424137772936
voxel,0.4,000025,5,14,17.882555033626478,17.592000007629395,19.09000015258789,1.498000144958496,3.2105000019073486,4.0113333861033125,0.8008333841959638,0.6678333282470703,0.8500000238418579,0.1821666955947876
voxel,0.4,000025,6,281,5.190302744230955,0.012000000104308128,4.7834999561309814,4.771499956026673,5.190288872188992,8.720000267028809,3.5297113948398167,-1.4965555561913384,0.5080000162124634,2.0045555724038016
voxel,0.4,000025,7,28,10.959150715614161,6.585999965667725,8.770000049046107,2.1840000833783826,8.759428569248744,9.993000030517578,1.2335714612688342,-1.0776666800181072,-0.6174000024795532,0.460266677538554
voxel,0.4,000025,8,111,16.47478808726133,16.074181816794656,19.226333618164062,3.1521518013694063,3.6110000610351562,6.822999954223633,3.2119998931884766,-1.1001666982968648,0.8270000219345093,1.927166720231374
voxel,0.4,000025,9,45,9.587156668731264,6.776285716465542,8.417999744415283,1.6417140279497415,6.7820000648498535,8.448999949863978,1.6669998850141248,-1.1574000120162964,0.5609999895095825,1.718400001525879
voxel,0.4,000025,10,32,9.077875675671239,8.943571363176618,9.984125018119812,1.040553654943194,1.555749997496605,3.072384623380808,1.516634625884203,-1.503275854834195,-0.31048484959385614,1.1927910052403388
voxel,0.4,000025,11,36,21.674371415830816,20.815999507904053,23.395999908447266,2.580000400543213,-6.804999828338623,-6.039250016212463,0.7657498121261597,-1.4867500066757202,0.16100000105798246,1.6477500077337026
voxel,0.4,000025,12,179,6.455265598865725,3.6876666943232217,6.416999963613657,2.7293332692904353,5.298260875370191,9.970499992370605,4.672239117000414,-1.2714999914169312,0.5224999934434891,1.7939999848604202
voxel,0.4,000025,13,24,2.5225699892187228,0.08312605079967811,1.167799985408783,1.084673934609105,2.5211999940872194,3.643083314100901,1.1218833200136817,-1.2490999937057494,-0.5876218473710934,0.6614781463346561
voxel,0.4,000025,14,15,13.051109033715628,9.206000137329102,10.464000225067139,1.2580000877380364,9.25100040435791,9.942199897766113,0.6911994934082024,-1.0149999856948853,-0.20431818068027496,0.8106818050146103
voxel,0.4,000025,15,32,16.786756820286925,16.548749923706055,17.422000885009766,0.8732509613037109,-4.215000033378601,-2.8167499899864197,1.3982500433921814,-1.5151999950408936,-0.2931249998509884,1.2220749951899053
voxel,0.4,000025,16,42,14.825232177351904,11.589499984468732,14.417909102006393,2.8284091175376602,9.24505268900018,9.51752169235893,0.2724690033587489,-0.7800000011920929,0.7876000046730042,1.567600005865097
voxel,0.4,000025,17,14,28.508858188485032,28.50624942779541,28.94433339436849,0.43808396657307824,0.3856666584809621,1.5836666425069172,1.1979999840259552,-1.3947499990463257,-0.7099999785423279,0.6847500205039978
voxel,0.4,000025,18,8,13.658862703139869,9.711857114519391,10.396892854145594,0.685035739626203,9.604392835072108,9.89930019378662,0.29490735871451257,0.18264705728849068,0.5597857119781631,0.3771386546896724
voxel,0.4,000025,19,19,11.647691186016703,10.00228568485805,10.752999782562256,0.7507140977042059,5.9684998989105225,6.882999897003174,0.9144999980926514,-0.5200666666030884,0.6269999742507935,1.1470666408538819
voxel,0.4,000025,20,28,25.679046987310397,25.528666814168293,27.264999389648438,1.7363325754801444,2.774999976158142,3.7079999446868896,0.9329999685287476,-1.4132499992847443,-0.004999999888241291,1.408249999396503
voxel,0.4,000025,21,79,2.947521402985358,2.0759816410344674,5.508000007042518,3.4320183660080503,2.0924107262066434,3.5768717985886793,1.484461072382036,-1.5470000505447388,-0.2056875005364418,1.341312550008297
voxel,0.4,000025,22,32,16.95675866966691,15.98200021471296,17.583333333333332,1.6013331186203725,-6.3641665776570635,-5.666333357493083,0.6978332201639805,-1.4326666593551636,0.142000000923872,1.5746666602790356
voxel,0.4,000025,23,11,28.961547365657484,28.79800033569336,29.964000701904297,1.1660003662109375,3.0735000371932983,3.4619998931884766,0.3884998559951782,-1.2970000505447388,-0.7319999933242798,0.565000057220459
voxel,0.4,000025,24,17,23.973690814823943,23.636399841308595,23.90850035349528,0.27210051218668596,4.007300066947937,5.539499998092651,1.5321999311447145,-0.7299999892711639,0.014000000432133675,0.7439999897032976
voxel,0.4,000025,25,10,6.015827840223138,1.7190000414848328,2.275800013542175,0.5567999720573424,-6.450399875640869,-5.764999866485596,0.6854000091552734,-0.9199999928474426,-0.42099998891353607,0.49900000393390653
voxel,0.4,000025,26,6,18.881301860693007,17.719999313354492,18.233999252319336,0.5139999389648438,6.5196000099182125,7.017000198364258,0.4974001884460453,-0.5440000295639038,-0.2588749984279275,0.2851250311359763
voxel,0.4,000025,27,38,9.695149366379685,9.59886202318915,12.346250057220459,2.7473880340313084,1.3630000352859497,2.873666683832804,1.5106666485468545,-1.4917500019073486,-0.19683332989613214,1.2949166720112164
voxel,0.4,000025,28,10,21.366060966221013,21.141000747680664,21.618000030517578,0.47699928283691406,-3.48799991607666,-3.0929999351501465,0.39499998092651367,-1.5549999475479126,-0.6068000018596649,0.9481999456882477
voxel,0.4,000025,29,10,23.88759617420943,23.662444220648872,24.593000411987305,0.9305561913384324,3.2720000743865967,3.6705555650922985,0.39855549070570184,-1.0119999647140503,-0.3125,0.6994999647140503
voxel,0.4,000049,0,50,13.658930037639328,13.252083460489908,16.025000027247838,2.77291656675793,-4.7179999351501465,-3.3088749945163727,1.4091249406337738,-1.5089000105857848,-0.2648888859483931,1.2440111246373917
voxel,0.4,000049,1,48,8.665054772775225,8.029500007629395,10.531399917602538,2.501899909973144,-4.692499876022339,-3.257346134919387,1.435153741102952,-1.5983076737477229,-0.276545451446013,1.3217622223017098
voxel,0.4,000049,2,60,2.466352338151455,0.02522222242421574,2.6599999979922644,2.6347777755680486,2.4662233668913958,4.717578938132839,2.251355571241443,-1.5166608665300452,-0.12176922937998405,1.394891637150061
voxel,0.4,000049,3,10,18.919627910264765,18.43031997680664,18.719999313354492,0.2896793365478523,4.275000095367432,4.664499998092651,0.3894999027252197,-0.0034999996423721313,0.8005833327770233,0.8040833324193954
voxel,0.4,000049,4,84,6.05769661943776,5.568155173597665,8.763750076293945,3.19559490269628,2.385652174120364,5.5011999130249025,3.1155477389045387,-1.5049400043487549,0.44039998650550843,1.9453399908542632
voxel,0.4,000049,5,32,12.474779756682267,10.166999816894531,11.985000054041544,1.8180002371470128,7.22857141494751,8.330250024795532,1.1016786098480225,-1.0931666675541136,-0.06750000000465661,1.025666667549457
voxel,0.4,000049,6,43,4.3769086331663125,3.5972061722548965,5.421000003814697,1.8237938315598008,-3.872181784022938,-2.4934788824806753,1.3787029015422627,-1.5922666629155477,-0.25788235204184756,1.3343843108737001
voxel,0.4,000049,7,10,26.36889621561513,24.72000026702881,25.666666666666668,0.9466663996378593,-9.838666915893555,-9.178250074386597,0.660416841506958,-1.0166666507720947,-0.41700000564257306,0.5996666451295216
voxel,0.4,000049,8,74,3.3517761499338783,0.9360000093777975,3.191735132320507,2.2557351229427094,-5.010000228881836,-3.2184324354738805,1.7915677934079555,-1.6455000042915344,-0.09300000220537186,1.5525000020861626
voxel,0.4,000049,9,30,20.141000747680664,20.141000747680664,20.857333501180012,0.7163327534993478,-1.2009999752044678,0.4389999955892563,1.639999970793724,-1.2317499816417694,-0.08680000007152558,1.1449499815702437
voxel,0.4,000049,10,66,12.801395502863992,12.570034487494107,14.383333365122477,1.8132988776283696,2.42279999256134,5.891499916712443,3.468699924151103,-1.1629999876022339,0.0038000001572072507,1.166799987759441
voxel,0.4,000049,11,13,23.928045472499512,23.764333089192707,24.666500091552734,0.9021670023600272,2.7942499816417694,3.497999906539917,0.7037499248981476,-0.7937500104308128,0.014000000432133675,0.8077500108629465
voxel,0.4,000049,12,37,17.534061388978838,16.0278260189554,18.739286150251115,2.7114601312957163,7.110000133514404,8.015285628182548,0.9052854946681439,-1.1054999828338623,0.05614285809653146,1.1616428409303938
voxel,0.4,000049,13,18,10.146242448494485,8.394500255584717,9.635499954223633,1.240999698638916,5.699000024795533,6.745999813079834,1.0469997882843014,-1.3849999904632568,-0.8949999958276749,0.48999999463558197
voxel,0.4,000049,14,22,4.189583549114732,2.9728571346827914,4.317499995231628,1.344642860548837,2.9520722843078246,3.954661013716358,1.0025887294085334,-1.164266683657964,-0.230864862735207,0.933401820922757
voxel,0.4,000049,15,20,18.718442203466775,18.41166623433431,19.211000442504883,0.7993342081705741,-4.360428537641253,-3.375,0.985428537641253,-1.1368333299954732,0.1770000010728836,1.3138333310683568
voxel,0.4,000049,16,15,8.200892387116879,2.734999895095825,3.6372571400233675,0.9022572449275423,7.731391305508821,8.860666751861572,1.129275446352751,-0.5791666706403097,-0.15140000283718108,0.4277666678031286
voxel,0.4,000049,17,22,19.05551638568032,16.497800064086913,18.03700065612793,1.5392005920410163,-9.918999910354614,-9.5360000928243,0.38299981753031354,-1.4739999771118164,-0.31300000349680585,1.1609999736150105
voxel,0.4,000049,18,11,28.412349527925738,26.70599937438965,27.670499801635742,0.9645004272460938,-9.894000053405762,-9.697999954223633,0.1960000991821289,-1.096333344777425,-0.39500001072883606,0.701333334048589
voxel,0.4,000049,19,10,20.997380367815005,20.77464698342716,21.61299991607666,0.8383529326494994,3.050249993801117,3.583529402227963,0.533279408426846,-1.1103333234786987,-0.3382500037550926,0.7720833197236061
voxel,0.4,000049,20,21,8.027549830506844,3.2752580565790974,4.698400020599365,1.4231419640202678,7.328999996185303,8.48799991607666,1.1589999198913574,-1.0593283639025333,-0.3451666658123334,0.7141616980901999
voxel,0.4,000049,21,12,9.74702242006248,5.987145831187566,6.745928594044277,0.7587827628567112,7.6914583047231035,8.41130434948465,0.7198460447615469,-1.1162727294546184,-0.5477857206548963,0.5684870087997221
